id,title,authors_v7_raw,authors_v7a,source,changed
0105,Carboxymethyl Cellulose–Assisted ZnS@N/C–MWCNT Nanocomposite for Real-Time Dopamine Monitoring in PC-12 Cells,"Jitesh Laishram1, Rajalakshmi Sakthivel1 and Ren-Jei Chung2*","Jitesh Laishram, Rajalakshmi Sakthivel, Ren-Jei Chung",v7_pdf_cleaned,yes
0101,Generative Artificial Intelligence for the Design of Green Piezoelectric Sensors in Healthcare Applications,"Ravindra Joshi a,b, Parag Parashar b, Zong-Hong Lin a,b *","Ravindra Joshi, Parag Parashar, Zong-Hong Lin",v7_pdf_cleaned,yes
0116,Reduction of Thermo-Elastic Damping by a Virtual Spring Enabled with Electrostatically Implemented Positive Stiffness,"W. Luo1, C. Li1, H. Wang1, Z. Zhang1, M. Heller2, D. Nishinohara2, H. Hashimoto2, T. Fujita2, and T. Ikehashi1","Wen-Hao Luo, Cong-Cong Li, Hao-Yi Wang, Zhen-Shuo Zhang",v6_fallback_cleaned,yes
0155,Ultralow-Power Hydrogen Detection Using Gate-All-Around PtNP-decorated Suspended Silicon Nanobelt Gas Sensors,"Po-Chien Kung1 and Jeng-Tzong Sheu1,2*","Po-Chien Kung, Jeng-Tzong Sheu",v7_pdf_cleaned,yes
0285,Multi resonant metamaterial-based microwave sensor for soil monitoring,"Faisal Muhammad1, and Tetsuo Kan1","Faisal Muhammad, Tetsuo Kan",v7_pdf_cleaned,yes
0207,Next-Generation Wearable Organic Electrochemical Transistor-based Bioelectronic Medicine Enabled by Conducting Polymers and Laser-Scribed Graphene,Y.-S. Hsiao,Yu-Sheng Hsiao,v6_fallback_cleaned,yes
0132,Collapse-mode based CMOS-MEMS CMUT through atomic layer deposition process,"Hsu-Chung Chen1, Sheng-Shian Li1","Hsu-Chung Chen, Sheng-Shian Li",v7_pdf_cleaned,yes
0172,Design of Copper Iron Prussian Blue Analogues Integrated with Graphene Quantum Dots for Nitrate Sensors,"Jing-Ju Ho , Chieh Li , Jung-Hsin Jen , Pin-Hsuan Lin2, Mia Rinawati1, Kuan-Jung Chen2, and Min-Hsin","Jing-Ju Ho, Chieh Li, Jung-Hsin Jen, Pin-Hsuan Lin, Mia Rinawati, Kuan-Jung Chen, Min-Hsin",v7_pdf_cleaned,yes
0265,Topological Descriptor-Guided Machine Learning for Thermal Transport Design in Complex Inorganic Materials,"Yen-Ju Wu , Ming-Yuan Hung2, Hong-Kang Tian2, and Yibin Xu1","Yen-Ju Wu, Ming-Yuan Hung, Hong-Kang Tian, Yibin Xu",v7_pdf_cleaned,yes
0288,CMOS-MEMS NDoF Tuned-Mass-Damper (TMD) Resonators for Multi- Frequency Applications,"Chiao-Jen Hsueh, Chun-Pu Tsai, Ting-Yi Chen, and Wei-Chang Li","Chiao-Jen Hsueh, Chun-Pu Tsai, Ting-Yi Chen, Wei-Chang Li",v7_pdf_cleaned,yes
0323,Heavy Metal-Assisted CRISPR-Cas12a FET Platform for Rapid Detection of Drug Resistance Genes in Pseudomonas aeruginosa,"Tsung-Chen Hsieh1, Guan-Cheng Zeng1, Chia-Kai Lin1, Yi-Fang Wu1, and Yu-Lin Wang1, 2, 3, *","Tsung-Chen Hsieh, Guan-Cheng Zeng, Chia-Kai Lin, Yi-Fang Wu, Yu-Lin Wang",v7_pdf_cleaned,yes
0123,Kirigami-inspired 4D Printing,"Taiki Sugihara [1], Michinao Hashimoto [2], Eiji Iwase [1]","Taiki Sugihara, Michinao Hashimoto, Eiji Iwase",v7_pdf_cleaned,yes
0133,Novel high-order mode PMUTs in liquid for time-of-flight applications,Ching-Hsin Hsu1 and Sheng-Shian Li1,"Ching-Hsin Hsu, Sheng-Shian Li",v7_pdf_cleaned,yes
0179,A Non-Contact CMOS Complex Dielectric Constant Sensor System with Tunable Operating Frequency for Chemical Analysis,"Min-Yen Hsieh1, Jung-Cheng Liao3, Ya-Fu Liou2, Hua-En Shih2, Yu-Wei Chiang2, Sheng-Yu Peng4 and Chii-Wann Lin1,2,3","Min-Yen Hsieh, Jung-Cheng Liao, Ya-Fu Liou, Hua-En Shih, Yu-Wei Chiang, Sheng-Yu Peng, Chii-Wann Lin",v7_pdf_cleaned,yes
0289,Enhanced Frequency Tunability of CMOS-MEMS Comb-Driven Folded-Beam Resonators via Non-Uniform Comb Design,Yi-Xiang Chen and Wei-Chang Li,"Yi-Xiang Chen, Wei-Chang Li",v7_pdf_cleaned,yes
0130,Rapid Oral Cancer Screening via Salivary Exosomes Using a Shear-Horizontal Surface Acoustic Wave Biosensing Platform,"Dhrubajyoti Das1 , Hiromi Yatsuda 2,3 , Wei-Fan Chiang4, Tai-Shan Cheng5 , Chi-Ying F. Huang5 , Dar-Bin Shieh 6 , Han-Sheng Chuang1,7,*","Dhrubajyoti Das, Hiromi Yatsuda, Wei-Fan Chiang, Tai-Shan Cheng, Chi-Ying F. Huang, Dar-Bin Shieh, Han-Sheng Chuang",v7_pdf_cleaned,yes
0126,From Metal to Polymer: Table-tilting type 5-Axis Micromilling Strategies for 3D Microfluidic Device Fabrication,"C.W. Tsao1, C. Y. Kuan1, and Y.Q. Zhao1","Chia-Wen Tsao, Yuan Kuan Chen, Yong-Qi Zhao",v6_fallback_cleaned,yes
0148,Miniaturization of High-Sensitivity Gold Single-axis MEMS Accelerometer by Adjusting Spring Constant and Hole Size of Perforated Proof-mass,"T. Yamada, C. Mukaide, T. Kurioka, K. Machida, T. M. Chang, C. Chen, Y. Miyake, M. Sone, and H. Ito","Torauto Yamada, Chihaya Mukaide, Tomoyuki Kurioka, Katsuyuki Machida, Tso-Fu Mark Chang, Chun-Yi Chen, Yoshihiro Miyake, Masato Sone, Hiroyuki Ito",v6_fallback_cleaned,yes
0284,Evaluation of Hysteresis in Au/Ta₂O₅/Pd-based Hetero-core Optical Fiber Hydrogen Sensors,"T. Yoshimoto1, A. Hosoki2, and M. Nishiyama1","Teruaki Yoshimoto, Ai Hosoki, Michiko Nishiyama",v6_fallback_cleaned,yes
0298,Near Spurious-Free SH-SAW Resonators on LNOI Platform Via Propagation Angle Twisting and Tilted Electrode,"Yu-Sian Lin1, Sung-Yuan Huang2, Ya-Ching Yu1, Zhi-Qiang Lee1, and Ming-Huang Li1, 2","Yu-Sian Lin, Sung-Yuan Huang, Ya-Ching Yu, Zhi-Qiang Lee, Ming-Huang Li",v7_pdf_cleaned,yes
0131,Food-Based Isotropic Edible Wireless Sensor for Gastrointestinal Monitoring,"R. Matsuda1, K.Tomita1, S. Miura1, M. Satoh1, T. Kan2 and H. Onoe1","Ryosuke Matsuda, Kentaro Tomita, Shion Miura, Michiyuki Satoh, Tetsuo Kan, Hiroaki Onoe",v6_fallback_cleaned,yes
0140,Development of Soft Microgripper Arrays Using Photothermally Driven Hydrogels,"S. Oishi1, S. Miura1, S. Iwano1, Y. Sato1, M. Mukai2, K. Iijima2 and S. Maruo2","Shogo Oishi, Shoma Miura, Shusuke Iwano, Yuta Sato, Masaru Mukai, Kazutoshi Iijima, Shoji Maruo",v6_fallback_cleaned,yes
0221,Cleanroom-Free Monolithic PCB EGFET with Integrated Microchamber via Room-Temperature TiO₂ Deposition for Scalable pH Sensing,"Zongqin KE1, Amine Bermak2, Yi-Kuen LEE1","Zongqin KE, Amine Bermak, Yi-Kuen LEE",v7_pdf_cleaned,yes
0337,Single-chip CMOS-MEMS Oscillators Based on 0.18 μm CMOS for Timing Applications,"Yu-Hung Lee1, Chan-Chen Yu1, Pin-Hsien Lee1, Chia-Yi Hsiao1 and Sheng-Shian Li1, 2","Yu-Hung Lee, Chan-Chen Yu, Pin-Hsien Lee, Chia-Yi Hsiao, Sheng-Shian Li",v7_pdf_cleaned,yes
0340,High-Entropy Relaxor Ferroelectrics on Flexible mica substrate for Advanced Sensors,"Yu-En Pan1, *Yu-Hao Tu1, Mengyao Xiao2, and Ying-Hao Chu1,3*","Yu-En Pan, Yu-Hao Tu, Mengyao Xiao, Ying-Hao Chu",v7_pdf_cleaned,yes
0144,Effect of Polarity on Single-cell Electroporation in a Microfluidic device with,"K. Vijitnukoonpradit1, N. Panklang2, N. Phansiri3 and B. Techaumnat 1","trapping orifice Kitipob Vijitnukoonpradit, Nitipong Panklang, Nisarut Phansiri, Boonchai Techaumnat",v6_fallback_cleaned,yes
0149,Immersion Laser Functional Thinning of Freestanding Metal Foils for MEMS Hot-Film Thermal Sensors,"M. N. Mohamed Zukri1, M. S. Al Farisi1,2, Y. Hasegawa1 and M. Shikida1","Mohammad Nizar Mohammed Zukri, Muhammad Salman Al Farisi, Yoshihiro Hasegawa, Mitsuhiro Shikida",v6_fallback_cleaned,yes
0153,Development of a Micro Gas Sensor with a Suspended Micro Heater for Nitrogen Dioxide Detection,"Chia-Hsu Hsieh1, Cheng-Chuan Chou1, Hao-Hsuan Hung2, Ya-Han Lin2, Wei-Chieh Sun2, Ping-Ju Wang2, Chuan-Chun Liu2, Yao-Ching Fang2 and I-Yu Huang1","Chia-Hsu Hsieh, Cheng-Chuan Chou, Hao-Hsuan Hung, Ya-Han Lin, Wei-Chieh Sun, Ping-Ju Wang, Chuan-Chun Liu, Yao-Ching Fang, I-Yu Huang",v7_pdf_cleaned,yes
0214,A Monolithic CMOS-Search-Coil-Magnetometer Based Inductive Tracking Platform Using Magnetic Shunt Physics for Real-Time Object Localization and Material Identification,"Hadi Tavakkoli1, Moaaz Ahmed1, Amine Bermak2, and Yi-Kuen Lee1","Hadi Tavakkoli, Moaaz Ahmed, Amine Bermak, Yi-Kuen Lee",v7_pdf_cleaned,yes
0364,Spurious-Free LNOI SH-SAW GHz Resonators for Impedance Transformers,"Zhi Qiang Lee1, Ya-Ching Yu1, Sung-Yuan Huang2, Cheng-Chien Lin1, Yi-Cheng Liao1, and Ming-Huang Li1 2","Zhi Qiang Lee, Ya-Ching Yu, Sung-Yuan Huang, Cheng-Chien Lin, Yi-Cheng Liao, Ming-Huang Li",v7_pdf_cleaned,yes
0145,Laser-Induced Biomimetic Micro-texturing for Oleophobic Surfaces,R. Goto and M. Yamaguchi,"Ren Goto, Masaki Yamaguchi",v6_fallback_cleaned,yes
0446,A Stomach-Acid-Charged Tablet-Type Digital Pill with In-Body Monitoring,Kiichi Niitsu1,Kiichi Niitsu,v7_pdf_cleaned,yes
0435,Development and In Vivo Telemetry Demonstration of Ingestible Polyaniline- Based Conductometric pH Sensor,"S. Yoshida1, I. Sugasawa1, H. Miyaguchi1, T. Ito2, Y. Miura3, M. Fujishiro3",Shinya Yoshida,v6_fallback_cleaned,yes
0440,Design of Chemical Transducers for Bioorthogonal Signaling,"K. Dodo1,*, S. Yoshimoto1, Y. Shirasaki2, T. Kamatani3, S. Yotsumoto4, S. S. Sugano5, S. Sakuma6, Y. Yamanishi6",Kosuke Dodo,v6_fallback_cleaned,yes
0450,Hierarchical Microstructure Engineering and Surface Area Optimization for 3D- Printed Triboelectric Nanogenerators,"Wei-Cheng Wang1, Chen-Fang Sun1, and Pin-Chuan Chen1","Wei-Cheng Wang, Chen-Fang Sun, Pin-Chuan Chen",v7_pdf_cleaned,yes
0124,Silicon Subwavelength Grating Waveguides with High Flexibility and Low Bending Loss toward Terahertz Photonic Integrated Circuits,K. Chiba1 and Y. Kanamori1,"Kohei Chiba, Yoshiaki Kanamori",v6_fallback_cleaned,yes
0189,Smartphone-Enabled Point-of-Care Creatinine Biosensor for Bovine Muscle Mass Monitoring in Dairy Farming,"Nikhil Mathew, Yao-Luo Lin, and R.K. Rakesh Kumar, Cheng-Hsin Chuang","Nikhil Mathew, Yao-Luo Lin, R.K. Rakesh Kumar, Cheng-Hsin Chuang",v6_fallback_cleaned,yes
0257,In-situ Interfacial Rheometry of Yield Stress Fluids via Soft MEMS Tactile Sensing: Bridging Tribology and Bulk Rheology,"Ryuga Sano, Akiyoshi Kusano, Takashi Abe, Akiomi Ushida, Masayuki Sohgawa","Ryuga Sano, Akiyoshi Kusano, Takashi Abe, Akiomi Ushida, Masayuki Sohgawa",v7_pdf_cleaned,no
0156,SOI-based MEMS Vibrational Energy Harvester using Self-Assembled Electrets,"Shuma Kawamura1, Yuichiro Sunagawa1, Hiroki Naruo2, Satoshi Maruyama3, Yuya Tanaka4, and Daisuke Yamane1,2,5","Shuma Kawamura, Yuichiro Sunagawa, Hiroki Naruo, Satoshi Maruyama, Yuya Tanaka, Daisuke Yamane",v7_pdf_cleaned,yes
0441,Engineering signaling systems of plant hormones as triggers and readouts of in-body avatar cells,"Shigeo S. Sugano¹, Jutapat Romsuk¹, Mika Ikegaya¹, Tze Mun Loo², Kosuke Dodo³, Aki Hanyu², Atsushi Hijikata⁴, Yoko Yamanishi⁵, Satoshi Yotsumoto⁴, Yoshitaka Shirasaki⁶, Shinya Sakuma⁵, Akiko Takahashi²⁶","Shigeo S. Sugano, Jutapat Romsuk, Mika Ikegaya, Tze Mun Loo, Kosuke Dodo, Aki Hanyu, Atsushi Hijikata, Yoko Yamanishi, Satoshi Yotsumoto, Yoshitaka Shirasaki, Shinya Sakuma, Akiko Takahashi",v7_pdf_cleaned,yes
0197,Optically Pumped GeSn Ridge Waveguide Lasers for Silicon Photonics,"R. Bansal1, and G. E. Chang2","Radhika Bansal, Guo-En Chang",v6_fallback_cleaned,yes
0200,"Proposal and demonstration of Multi-Chip Ion Imaging Device Enabling Measurement of Chemical Information over a Wide Area Otono Uchizono, Toshiki Kitamura, Yasuyuki Kimura, Takeshi Hizawa, Daisuke Akai, Yoshiko","O. Uchizono, T. Kitamura, Y. Kimura, T. Hizawa, D. Akai, Y. Noda, H. Doi, T. Horio, Yong-Joon Choi,","Noda, Hideo Doi, Tomoko Horio, Yong-Joon Choi, Kazuhiro Takahashi, Toshihiko Noda, Kazuaki Sawada",v6_fallback_cleaned,yes
0258,Sensitivity-Enhanced Monolithic CMOS-MEMS CMUT Receiver Front-End Using Low-Temperature ALD Alumina,"Tzu-Yun Huang1, Chih-Yuan Hsiao1, and Ming-Huang Li1 2","Tzu-Yun Huang, Chih-Yuan Hsiao, Ming-Huang Li",v7_pdf_cleaned,yes
0187,Effect of Increasing Moving Mass on the Output of an Inside-out Type Vibrational Energy Harvester,"Shuntaro Miyazato1, Hiroaki Honma1, Hiroshi Toshiyoshi2, Akio Uesugi1, Koji Sugano1 and Yoshitada Isono1","Shuntaro Miyazato, Hiroaki Honma, Hiroshi Toshiyoshi, Akio Uesugi, Koji Sugano, Yoshitada Isono",v7_pdf_cleaned,yes
0442,Avatar cells production based on electromechanical poration by electrically- induced bubbles,"Nobutoshi Ota1, Kei Tateishi1, Yoko Yamanishi1,*","Nobutoshi Ota, Kei Tateishi, Yoko Yamanishi",v7_pdf_cleaned,yes
0201,"Enhanced Suppression of Non-Specific Adsorption of Graphene Oxide-Based Resonant Sensor for Label-Free Virus Sensing Viet Khoa Pham [1], Laoyang Yiayee [1], Homare Yoshida [1], Sachiko Sakai [1], Ippei Akita [2],","I.-H. Kwon1, Y.-J. Choi1, T. Noda1, K. Sawada1, and K. Takahashi1","Yuki Imaizumi, Tatsuro Goda, Ik-Hyun Kwon, Yong-Joon Choi, Toshihiko Noda, Kazuaki Sawada, Kazuhiro Takahashi",v6_fallback_cleaned,yes
0229,Sandwiched p-Si/PtSi/p-Si Mid-Infrared Photodetector for Efficient Hot-Career Collection at Room Temperature,"Satoshi Nishita1, Ashenafi Abadi Elyas1, Daiji Noda2, Ryo Ohta2, and Tetsuo Kan1","Satoshi Nishita, Ashenafi Abadi Elyas, Daiji Noda, Ryo Ohta, Tetsuo Kan",v7_pdf_cleaned,yes
0264,Damped Structure for Q control in CMOS-MEMS Beams,"Jhih-Wei Lin, Chun-Pu Tsai, Nilabh Basu, and Wei-Chang Li","Jhih-Wei Lin, Chun-Pu Tsai, Nilabh Basu, Wei-Chang Li",v7_pdf_cleaned,yes
0263,Piezoelectric Vibration Energy Harvester Based on Bilayer Lithium Niobate,"Wei-Bin Fan1, Chih-Yuan Hsiao1, Yu-Sian Lin1, Zhi-Qiang Lee1, Huei-Chun Zeng3, Hung-Tsai Wu3, and Ming-Huang Li1, 2","Wei-Bin Fan, Chih-Yuan Hsiao, Yu-Sian Lin, Zhi-Qiang Lee, Huei-Chun Zeng, Hung-Tsai Wu, Ming-Huang Li",v7_pdf_cleaned,yes
0438,Droplet-Based Microfluidic Platform for Time-Lapse Monitoring of Cellular Responses to Nano-Artifact Exposure,"S. Sakuma1,*, Y. Yamanishi1, K. Dodo2, T. Kamatani3, Y. Shirasaki4, C.-H. D. Tsai5, S. Yotsumoto6, N. Kimura7, S. S. Sugano8",Shinya Sakuma,v6_fallback_cleaned,yes
0202,Development of a Modular Multi-Organ-on-Chip Platform for Drug Screening Applications,"Jui-Wei Chen1, Yi-Wun Ke1, Yun-Jie Hao1, Rou-Ya Zhao1, Fan-Gang Tseng1, 2,*","Jui-Wei Chen, Yi-Wun Ke, Yun-Jie Hao, Rou-Ya Zhao, Fan-Gang Tseng",v7_pdf_cleaned,yes
0236,"Control of Strain Response in Modal-Interference-Based Plastic Optical Fiber Sensors via Double-Side Reactive Ion Etching Motoki Kochi [1], Koyo Shibuta [1], Keito Ishida [1], Yuri Wada [2], Taiki Kumagai [3], Keita","S. Shirai4, C.-Y. Lo5, H. Lee3, Y. Mizuno4, and D. Yamane1,2","Kikuchi, Shimbu Shirai, Cheng-Yao Lo, Heeyoung Lee, Yosuke Mizuno, Daisuke Yamane",v6_fallback_cleaned,yes
0273,Bimodal Physical Sensor for Real-Time Quantitative Softness Evaluation in Epoxy Molding Compound Packaging,D. H. Lee and J. W. Choi*,"Donghyun Lee, Jungwook Choi",v6_fallback_cleaned,yes
0329,Performance Enhancement of a Frequency Conversion Interposer for MEMS Vibration Energy Harvesters using Bistable Buckled Beams,"K. Morishita1, Y. Takata1, Y. Tanaka1, G. Hashiguchi2, H. Toshiyoshi3, and T. Suzuki1","Kota Morishita, Yuji Takata, Yuya Tanaka, Gen Hashiguchi, Hiroshi Toshiyoshi, Takaaki Suzuki",v6_fallback_cleaned,yes
0134,On-Chip Calorimetric Thermal Flow-Rate Sensor Using FEP Thin-Film for Microfluidic System,"Yen-Hsi Chen1, Zhong-Wei Lin1, Kao-Mai Shen1, Hiroyuki Fujita1,2, Sheng-Shian Li1, Kyojiro Morikawa1,3,4, Takehiko Kitamori1,4,5, Chihchen Chen1","Yen-Hsi Chen, Zhong-Wei Lin, Kao-Mai Shen, Hiroyuki Fujita, Sheng-Shian Li, Kyojiro Morikawa, Takehiko Kitamori, Chihchen Chen",v7_pdf_cleaned,yes
0137,Development of an Innovative Nanocomposite Electrochemical Biosensor for Monitoring Immune Cytokines Associated with PD-L1 Exosome–Mediated Immunoregulation,"Wei-Zhe Jian1 , and Yi-Kuang Yen2","Wei-Zhe Jian, Yi-Kuang Yen",v7_pdf_cleaned,yes
0139,Non-Enzymatic Electrochemical Detection of Uric Acid Using a Molecularly Imprinted Polymer Electrode,"Hironaga Kawai1, Daigo Saito2, and Hiroyuki Kudo2","Hironaga Kawai, Daigo Saito, Hiroyuki Kudo",v7_pdf_cleaned,yes
0159,Copper Ion Sensing Based on the Principle of LSPR using Au@AgNPs-Go,"Fei-Li Cheng, and Chun-Yu Li","Fei-Li Cheng, Chun-Yu Li",v7_pdf_cleaned,yes
0163,Biodegradable MXene-Bamboo Cellulose Paper Electrodes Enabling Green Wearable Transducers and EMG-Driven Exoskeleton Control,"Tung-Li Hung1, Chia-Hao Kuo2, Pulikkutty Subramaniyan2, Shan-Chu Yu1, and Tzu-En Lin2*","Tung-Li Hung, Chia-Hao Kuo, Pulikkutty Subramaniyan, Shan-Chu Yu, Tzu-En Lin",v7_pdf_cleaned,yes
0171,Gold nanoparticles–modified graphene oxide for PH sensing,"Yu-Hsi Chang, Chun-Yu Li","Yu-Hsi Chang, Chun-Yu Li",v7_pdf_cleaned,no
0178,Non-Invasive Complex Dielectric Constant Sensing System for Real-Time Monitoring in Bioprocesses,"Hua-En Shih1, Ya-Fu Liou1, Yu-Wei Chiang1, Kun-Ta Wu2, Sheng-Yu Peng3,4, Chii-Wann Lin1,5","Hua-En Shih, Ya-Fu Liou, Yu-Wei Chiang, Kun-Ta Wu, Sheng-Yu Peng, Chii-Wann Lin",v7_pdf_cleaned,yes
0180,Clinical Evaluation of a Rapid Urine Uric Acid Biosensor with Readout Circuit for Early Detection of Arthritis,"Tzu-Wei Chung 1, Wei-Lun Yen 1, Bing-Hong Chen 1, Yi-Huan Chang 1, Yun-Yu Hsieh 1, Wei-Cheng Lin1,2,3and Mei-Ching Yu3","Tzu-Wei Chung, Wei-Lun Yen, Bing-Hong Chen, Yi-Huan Chang, Yun-Yu Hsieh, Wei-Cheng Lin, and Mei-Ching Yu",v7_pdf_cleaned,yes
0195,In Vitro Validation of a Balloon Catheter MEMS Flow Sensor System Using Body Temperature Regulated Respiratory Airflow,"J. Yoshida1, M. S. Al Farisi1,2, Y. Hasegawa1, M. Matsushima3, T. Kawabe3, and M. Shikida1","Jun Yoshida, Muhammad Salman Al Farisi, Yoshihiro Hasegawa, Miyoko Matsushima, Tsutomu Kawabe, Mitsuhiro Shikida",v6_fallback_cleaned,yes
0198,Scattered-Light-Based Optofluidic Waveguide Sensor for High-Resolution Biomedical Sensing,"D. Barshilia1, and G. E. Chang2","Devesh Barshilia, Guo-En Chang",v6_fallback_cleaned,yes
0204,Biofluorometric Acetone Sensor for Exhaled Breath Condensates and Its Evaluation,"Geng Zhang, Kenta Ichikawa, Kenta Iitani, Yoshikazu Nakajima, Kohji Mitsubayashi*","Geng Zhang, Kenta Ichikawa, Kenta Iitani, Yoshikazu Nakajima, Kohji Mitsubayashi",v7_pdf_cleaned,yes
0109,Development of Highly Sensitive Ethanol Sensing Using MEMS Technology,"C. H. Hsieh1, B. Y. Liu1, R. P. Yang1 and C. C. Chou1","Chia-Hsu Hsieh, Bo-Yan Liu, Ri-Pu Yang, Cheng-Chuan Chou",v6_fallback_cleaned,yes
0138,A Portable Graphene/ZnO Nanocomposite Paper-Based Chemiresistive Sensor for Lead Ion Detection,"Yi-En Yang1 , and Yi-Kuang Yen2","Yi-En Yang, Yi-Kuang Yen",v7_pdf_cleaned,yes
0141,Enhancement of CMOS-MEMS Fringe-Field Capacitive Humidity Sensor Sensitivity via Electrode Design,"Y. L. Hsu1, Y. C. Li2 , Y. Y. Huang1, and W. L. Fang1 2","Yu Lin Hsu, Yung Chen Li, Yuan Yuan Huang, Weileun Fang",v6_fallback_cleaned,yes
0151,Novel MIM Thin-Film Ultraviolet Sensor,"You-Jun Luo, I-Nan Chang","You-Jun Luo, I-Nan Chang",v7_pdf_cleaned,no
0452,Influence of Magnetic Fields on the Formation Kinetics of Copper(II) Hydroxide: Quantitative Concentration Analysis via Rate-Curve Integration,"Yi Lee, Chiung-Yi Huang and Che-Hsin Lin","Yi Lee, Chiung-Yi Huang, Che-Hsin Lin",v7_pdf_cleaned,yes
0184,Modification of Copper Nanowire for Antibiofouling Dissolved Oxygen Sensing Devices and High Sensitivity Nitrate Detection,"Brasstira Yuva Wardhana1, Chieh Li1, Jing-Ju Ho1, Jung-Hsin Jen1, Pin-Hsuan Lin2, Mia Rinawati1, KuanJung Chen2, Min-Hsin Yeh1,3*","Brasstira Yuva Wardhana, Chieh Li, Jing-Ju Ho, Jung-Hsin Jen, Pin-Hsuan Lin, Mia Rinawati, KuanJung Chen, Min-Hsin Yeh",v7_pdf_cleaned,yes
0206,Development of CuNi-LDH/BTC/MWCNT Nanocomposite Non-enzymatic Electrochemical Sensor for Rapid Detection of Diphenylamine in Agricultural Products,"Chih-Fang Lai, Yu-Chi Wang, Ren-Jei Chung*","Chih-Fang Lai, Yu-Chi Wang, Ren-Jei Chung",v7_pdf_cleaned,yes
0218,Dual-Mode Sweat Urea Sensor Based on Ti3C2Tx MXene/CuO Nanocomposites with Integrated Colorimetric–Electrochemical Detection and Data-Driven Optimization,"T. Laochai1, H. Nishihar2, J. Qin3, M. Okhawilaid4, J. Wang5, N. Rodthongkum6,7, W. Sukmas1, 7","Thidarut Laochai, Hirotomo Nishihara, Jiaqian Qin, Manunya Okhawilai, Joseph Wang, Nadnudda Rodthongkum, Wiwittawin Sukmas",v6_fallback_cleaned,yes
0371,Indium Oxide Nanobrick Base Portable Gas Sensor for Indoor Environmental Ozone Monitoring,"Jing-Cheng Hsu, Heh-Nan Lin","Jing-Cheng Hsu, Heh-Nan Lin",v7_pdf_cleaned,no
0103,Facile Fabrication of Titanium Probes and Cantilevers via Electrolytic Etching,"Y.Takano, Y.QIN, K.Ogiwara, N.Soma, M.Sohgawa, and T.Abe","Yuta Takano, Yizhi Qin, Kohei Ogiwara, Naoki Soma, Masayuki Sohgawa, Takashi Abe",v6_fallback_cleaned,yes
0110,High Performance and Long-Life Electrochemical Reference Electrode Fabricated with High-Density AgCl and AgBr Structure Transformation,Bin-Wey Lu and Che-Hsin Lin,"Bin-Wey Lu, Che-Hsin Lin",v7_pdf_cleaned,yes
0127,Wireless QCR Sensor with Electrodeless Electrical Feedthrough Utilizing a High-Dielectric Crystal Substrate,"T.Yamanaka, H.Inaba, S.Deto, M.Sohgawa, and T. Abe","Tamon Yamanaka, Haruki Inaba, Sota Deto, Masayuki Sohgawa, Takashi Abe",v6_fallback_cleaned,yes
0188,Analysis of Aging Patterns and Mechanisms According to Temperature of BaTiO3 Multi-Layer Ceramic Capacitor,"Tae-Soo Yeo1, and Wook Jo1,*","Tae-Soo Yeo, Wook Jo",v7_pdf_cleaned,yes
0194,Laser Induced Graphene Thermal Airflow Sensor for Microcatheter Actuator Respiration Measurement Inside Lung Bronchioles,"A. Hirayama1, M. S. Al Farisi1,2, Y. Hasegawa1, M. Matsushima3, T. Kawabe3, and M. Shikida1","Aoi Hirayama, Muhammad Salman Al Farisi, Yoshihiro Hasegawa, Miyoko Matsushima, Tsutomu Kawabe, Mitsuhiro Shikida",v6_fallback_cleaned,yes
0175,Surface Modification of Nanofluidic Channels and Nano-Valve for Reversed- Phase fL Chromatography,"Wei-Jen Chien , Chihchen Chen1, Yukata Kazoe2, Takehiko Kitamori1,3,4, Kyojiro Morikawa1,3,5","Wei-Jen Chien, Chihchen Chen, Yukata Kazoe, Takehiko Kitamori, Kyojiro Morikawa",v7_pdf_cleaned,yes
0240,Liquid Flow Enhancement through the Electro-Wetting in Graphene nanochannel,"K. T. Chen¹, J. K. Huang¹","Kuan Ting Chen, Jing Kai Huang",v6_fallback_cleaned,yes
0278,Engineering Bilayer 2D MOF/Metallic MoS2 Nanofluidic Ion Channels Enabling Rectified Ion Transport for Ultrahigh Osmotic Energy Harvesting,"Fery Prasetyo1 and Li-Hsien Yeh1,2","Fery Prasetyo, Li-Hsien Yeh",v7_pdf_cleaned,yes
0121,Luminance-Induced Acceleration of Degradation in Green Quantum Dot Color Conversion Layers,"Yu-Xiang Sun, Chen-En Tsai, Yu-Cheng Lin, Cheng-Han Lee, and Chun-Yu Li","Yu-Xiang Sun, Chen-En Tsai, Yu-Cheng Lin, Cheng-Han Lee, Chun-Yu Li",v7_pdf_cleaned,yes
0143,CMOS-MEMS Thermoelectric IR Sensor with SHA absorber,"Yu-Nuo Liu1, Zhi-Xuan Dai1*","Yu-Nuo Liu, Zhi-Xuan Dai",v7_pdf_cleaned,yes
0102,Biaxial Optical Cantilever by Using 2D Diffraction Grating and Sampling Moiré Method,"Soya Sato1,2, Toshihiro Shiratori1, Yuki Okamoto2, Yusuke Takei2 and Hidetoshi Takahashi1","Soya Sato, Toshihiro Shiratori, Yuki Okamoto, Yusuke Takei, Hidetoshi Takahashi",v7_pdf_cleaned,yes
0104,Enhancement of Thermal Resistance and Thermal Capacity in CMOS-MEMS Airflow Sensing Hub for Fast Response and Energy Efficiency,"Ming-Hsuan Huang , Yu-Lin Hsu , Yuanyuan Huang2, Yung-Chen Li1, Mei-Feng Lai1,2 and Weileun Fang1,2","Ming-Hsuan Huang, Yu-Lin Hsu, Yuanyuan Huang, Yung-Chen Li, Mei-Feng Lai, Weileun Fang",v7_pdf_cleaned,yes
0117,Detection Characteristics in Wide Range Gold Proof-Mass Single-Axis MEMS Capacitive Accelerometer and Its Application,"C. Mukaide, T. Yamada, T. Kurioka, K. Machida, C. Chen, T. M. Chang, Y. Miyake, M. Sone, and H. Ito","Chihaya Mukaide, Torauto Yamada, Tomoyuki Kurioka, Katsuyuki Machida, Chun-Yi Chen, Tso- Fu Mark Chang, Yoshihiro Miyake, Masato Sone, Hiroyuki Ito",v6_fallback_cleaned,yes
0192,Enhancing Transparency and Piezoelectric Property in Polycrystalline 0.4Pb(Mg1/3Nb2/3)O3–0.22PbZrO3-0.38PbTiO3 Ceramics through Compositional Engineering and Pressureless Sintering,"Yeon-Bee Han1, Dong Ho Seo1, and Wook Jo2","Yeon-Bee Han, Dong Ho Seo, Wook Jo",v7_pdf_cleaned,yes
0437,Cyto-Transducers for Visualization of Designed Cell-Cell Communications,"N. Kimura1, Y. Yamanishi2, and S. Sakuma2",Niko Kimura,v6_fallback_cleaned,yes
0444,Optical Immunotransducer as an Evaluation Platform for Designed Cell-Cell Communication,"Y. Shirasaki1*, Z. Yang1, N. Suzuki1, M. Yamagishi2, S. S. Sugano3, S. Yotsumoto4, T. M. Loo5, X. Zhou5, K. Dodo6, S. Sakuma7, A. Takahashi5, T. Kamatani5, Yoko Yamanishi7",Yoshitaka Shirasaki,v6_fallback_cleaned,yes
0439,Construction of Bio-Fate: A Platform Integrating Live-Cell Phenotypic Profiling and Precision Manipulation,"T. Kamatani1,*, Y. Yamanishi2, K. Dodo3, S. Sakuma2, Y. Shirasaki4, A. Takahashi1, S. Yotsumoto5, S. S. Sugano6",Takashi Kamatani,v6_fallback_cleaned,yes
0108,Sensitivity Enhancement of EGFET-Based AFP Detection via Localized Thermal Regulation using an Integrated Microheater,"C. H. Hsieh1, C. C. Chou1, H. Su2, Z. Y. Chen1 and I. Y. Huang1","Chia-Hsu Hsieh, Cheng-Chuan Chou, Heng Su, Zhen-Yu Chen, I-Yu Huang",v6_fallback_cleaned,yes
0361,Phase Optimization for Efficient Three-Phase Pressure-Driven Droplet Rotation Using Real-Time Position Feedback,"Masashi Kobayashi1, Daiki Tanaka1,2, Risa Fujita2, Shuichi Shoji2 and Masahiro Furuya1,2","Masashi Kobayashi, Daiki Tanaka, Risa Fujita, Shuichi Shoji, Masahiro Furuya",v7_pdf_cleaned,yes
0432,Ion Wind Electrohydrodynamic Nebulisation for Drug Delivery Application,V. T. Dau and T. H. Vu,"Van Dau, Trung Hieu Vu",v6_fallback_cleaned,yes
0405,Photopatternable Drying-Resistant Conductive Hydrogel Integrated into Organ Models for Functional Evaluation of In-body Cybernetic Avatars,"H. Maruyama1, K. Kawafuku1, T. Yura2, and T. Hoshino1",Hisataka Maruyama,v6_fallback_cleaned,yes
0128,Self-Powered Bioinspired Octopus Suckers for Underwater Object Recognition and Tactile Sensing,"Feng-Chi Pai, Yi-Tsung Su, Lung-Hao Hu, and Ching-Te Kuo","Feng-Chi Pai, Yi-Tsung Su, Lung-Hao Hu, Ching-Te Kuo",v7_pdf_cleaned,yes
0237,"Deep-Brain Implantable Sensor for In Vivo Extracellular Chemical Sensing in the Brain Shogo Fukushima, Yuto Nakamura, Hiroshi Horiuchi, Yasuyuki Kimura, Hideo Doi, Takeshi","Hideo Doi, Takeshi Hizawa, Yoshiko Noda, Tomoko Horio, Yong-Joon Choi, Kazuhiro Takahashi, Toshihiko Noda, and Kazuaki Sawada","Hideo Doi, Takeshi Hizawa, Yoshiko Noda, Tomoko Horio, Yong-Joon Choi, Kazuhiro Takahashi, Toshihiko Noda, Kazuaki Sawada",v7_pdf_cleaned,yes
0384,Low-Concentration Crosslinking Enables Stable Embedded Bioprinting Via a Gelatin–Xanthan Gum Support Bath,"Sara Ito¹, Mizrab Fatima , Shunya Okamoto1, Takayuki Shibata1, Tuhin Subhra Santra1, Moeto Nagai1","Sara Ito, Mizrab Fatima, Shunya Okamoto, Takayuki Shibata, Tuhin Subhra Santra, Moeto Nagai",v7_pdf_cleaned,yes
0373,Capsule for Intestinal Surface Sampling: Sealing Mechanism for Preventing Cross-Contamination of Collected Samples,"Huaiyi Zhang, Yuguo Dai, and Fumihito Arai*","Huaiyi Zhang, Yuguo Dai, Fumihito Arai",v7_pdf_cleaned,yes
0186,Long-Term Stability of the Threshold Voltage of a MOS Structure with a Potassium Ion Electret,"Yoshtaka Ikeda1, Masaya Iwanaga1, Hiroaki Honma1, Hiroshi Toshiyoshi2, Akio Uesugi1, Koji Sugano1, and Yoshitada Isono1","Yoshtaka Ikeda, Masaya Iwanaga, Hiroaki Honma, Hiroshi Toshiyoshi, Akio Uesugi, Koji Sugano, Yoshitada Isono",v7_pdf_cleaned,yes
0243,Development of a Gold Screen-Printed Electrode-Based Electrochemical Impedance Immunosensor for Rapid Detection of SAA1 as an ARDS Biomarker,"T. H. Chang1, C. Y. Chang2, C. J. Huang2, I. L. Tsai3, Y. W. Lu 1","Ting-Hao Chang, Yen-Wen Lu, Chao-Yuan Chang, Chun-Jen Huang, I-Lin Tsai",v6_fallback_cleaned,yes
0387,Microscaled Flow and Particle Adhesion on Villi in Actuated Small Intestinal Channel,"Y. Shiraiwa1, K. Komatsu1, S. Kuriu2, N. Yamamoto3, and T. Ishida1","Yuto Shiraiwa, Kazuki Komatsu, Satoru Kuriu, Naoyuki Yamamoto, Tadashi Ishida",v6_fallback_cleaned,yes
0445,On-Chip Biomimetic Platform for Functional Evaluations of Avatar Cells,"H. Wada1, T. Ishiguro1, Yu Xueping1, and T. Hayakawa1",Takeshi Hayakawa,v6_fallback_cleaned,yes
0242,Automated System for Dispensing Solutes into Droplets with Common Concentration Difference,"S. Bono1, K. Arai2, S. Konishi1, 2","Shinji Bono, Kei Arai, Satoshi Konishi",v6_fallback_cleaned,yes
0411,Design and Fabrication of an Ultra-Thin Capillary-Assisted Microfluidic Chip for Medium Exchange in Microscopy,"Jia-Lin Zhan1, Shiuan-Jie Tsai2, Kuan-Ju Lu2, and Ya-Yu Chiang1*","Jia-Lin Zhan, Shiuan-Jie Tsai, Kuan-Ju Lu, Ya-Yu Chiang",v7_pdf_cleaned,yes
0113,Delay Free and Mask Free Reservoir Computing Using CMOS-MEMS Vibro- Impact Resonator,"Nilabh Basu1, and Wei-Chang Li1,2","Nilabh Basu, Wei-Chang Li",v7_pdf_cleaned,yes
0246,Filter-Free Optical Sensor for Centroid Wavelength Detection,"R. Mibu, Y. J. Choi, T. Ide, Y. Kimura, Y. Noda, D. Akai, T. Hizawa, T. Noda, K. Takahashi, and K. Sawada","Ryoma Mibu, Yong-Joon Choi, Tomoya Ide, Yasuyuki Kimura, Yosiko Noda, Daisuke Akai, Takeshi Hizawa, Toshihiko Noda, Kazuhiro Takahashi, Kazuaki Sawada",v6_fallback_cleaned,yes
0254,A Microfluidic Lab-on-a-Chip for Real-Time Stiffness Monitoring in Frozen Shoulder Model,"Abdul Shamshad 1 and Kin Fong Lei1,2","Abdul Shamshad, Kin Fong Lei",v7_pdf_cleaned,yes
0320,WS2/Ga2O3 Nanostructured Sensor for Enhanced Hydrogen Response and Fast Recovery,I. Sharma and J. Choi*,"Indu Sharma, Jungwook Choi",v6_fallback_cleaned,yes
0272,Novel Electrothermal Actuators with Large In-plane Displacement and Force for MEMS-based Pitch-tunable Diffraction Grating,"Y. N. Ho1, S. Lin1, A. Michael1, C. Y. Kwok1, and C. Pulikkaseril2","Yen Nee Ho, Shan Lin, Aron Michael, Chee Yee Kwok, Cibby Pulikkaseril",v6_fallback_cleaned,yes
0191,An AlN-Based Differential Resonant Accelerometer for In-Sensor Physical Reservoir Computing,"Hsiang-Chun Hsiao, Zong-Xian Kuan, and Yi Chiu","Hsiang-Chun Hsiao, Zong-Xian Kuan, Yi Chiu",v7_pdf_cleaned,yes
0274,Spectrum Estimation Method for Reflectance Spectroscopy Using Filter-Free Wavelength Sensors and Multi-Wavelength LEDs,"A. Takaya, Y. J. Choi, I. H. Kwon, Y. Kimura, T. Noda, K. Takahashi, and K. Sawada","Akinari Takaya, Yong-Joon Choi, Ik-Hyun Kwon, Yasuyuki Kimura, Toshihiko Noda, Kazuhiro Takahashi, Kazuaki Sawada",v6_fallback_cleaned,yes
0296,Electrical Crossover Frequency Detection for Single-Cell Characterization Using Microfluidic Impedance Sensing,N. Phansiri1 and B. Techaumnat2,"Nisarut Phansiri, Boonchai Techaumnat",v6_fallback_cleaned,yes
0305,Translating Molecular Chirality into Electrical Signals through Contact Electrification–Driven Interfacial Electron Transfer,"H.-W. Lin, A. Pal, Z.-H. Lin*","Hong-Wei Lin, Arnab Pal, Zong-Hong Lin",v6_fallback_cleaned,yes
0295,Piezoelectric Micromachined Transducers with Heterogeneous PZT/AlN Film Stacking by Atmospheric Pressure Atomic Diffusion Bonding,"Tianbo Wang1, Andrea Vergara1, Takehito Shimatsu2 and Shuji Tanaka1","Tianbo Wang, Andrea Vergara, Takehito Shimatsu, Shuji Tanaka",v7_pdf_cleaned,yes
0223,Influence of Sensing Film Properties on Inorganic Taste Sensor Response,"Tomoki Shinta, Hidekazu Uchida, and Yuki Hasegawa","Tomoki Shinta, Hidekazu Uchida, Yuki Hasegawa",v7_pdf_cleaned,yes
0310,Nano-Optomechanical Metasurface for Reservoir Computing Application,"T. Hou 1, Y. Kawashima2, X. Zhou3, N. Nishiyama4, T. Tsuchiya2, Y. Tsuchiya 1, and Jun-Yu Ou1*","Ting Hou, Yuta Kawashima, Xin Zhou, Nobuhiko Nishiyama, Toshiyuki Tsuchiya, Yoshishige Tsuchiya, Jun-Yu Ou",v6_fallback_cleaned,yes
0317,Fabrication of Edible Segmented Micro Retroreflective Materials Using a Two-Layer Deposited Mold via Prism-Assisted 3D Lithography,"Yufei Chen1, Yuha Ushiyama2, Natsumi Kubo3, Yuji Takata1, Yuya Tanaka1, Hiromasa Oku3, and Takaaki Suzuki1","Yufei Chen, Yuha Ushiyama, Natsumi Kubo, Yuji Takata, Yuya Tanaka, Hiromasa Oku, Takaaki Suzuki",v7_pdf_cleaned,yes
0319,Local Formation Process of PVC-based Ion Sensitive Membrane Using MEMS Microstructure and Inkjet Printing Technology,"H. Doi1, Y. Sato2, A. Uramoto2, T. Kamakura2, Yong-Joon Choi1, K. Takahashi1, T. Noda1, T. Kokubun2, K. Sawada1,","Hideo Doi, Yoko Sato, Asami Uramoto, Tomoyuki Kamakura, Yong-Joon Choi, Kazuhiro Takahashi, Toshihiko Noda, Takeshi Kokubun, Kazuaki Sawada",v6_fallback_cleaned,yes
0336,Fabrication of in-plane-stretchable shape memory alloy thick film actuator and SU-8 support mechanism for laterally vibrational MEMS tactile display,"Y. Nagasaka1, Y. Iino2, and T. Mineta1","Yoshihiro Nagasaka, Yoshihiro Iino, Takashi Mineta",v6_fallback_cleaned,yes
0325,Single-Cell Biomarker Profiling on a Hydrogel Electromicrofluidic Device,"Jesus Becerra, Jing Ding, and Shih-Kang Fan","Jesus Becerra, Jing Ding, Shih-Kang Fan",v7_pdf_cleaned,yes
0357,Annealing-Enhanced Probabilistic Computing Enabled by Bistable MEMS Resonator,"Junhui Wu1, Zetong Hu1, Zheng Zhang1 and Guangya Zhou1","Junhui Wu, Zetong Hu, Zheng Zhang, Guangya Zhou",v7_pdf_cleaned,yes
0374,Hydrogen Sensing via Stress-Induced Amplitude Modulation in Piezoelectric Multilayer Micro-Bridges,"J. Moore1, A. Michael1, E. Sim-Wong1","Jayden Moore, Aron Michael, Eying Sim-Wong",v6_fallback_cleaned,yes
0403,Sensitivity and Noise Characterization of MEMS-Resonator-Based Short- Wavelength Infrared Sensor with Integrated Gold Nanostructured Absorber,"S. Ikeda1, R. Sakai1, T. Seki1, H. Honma1, K. Sugano1,2, and Y. Isono1","Shunta Ikeda, Ryohei Sakai, Takuro Seki, Hiroaki Honma, Koji Sugano, Yoshitada Isono",v6_fallback_cleaned,yes
0211,Electrostatic-driven Metal Nanostructures Transferred onto Electrospun Fibers for Wearable SERS-Based Point-of-Care Cortisol Diagnosis in Sweat,"1 Yegyu Lee, 1 Ji-Hwan Ha *","Yegyu Lee, Ji-Hwan Ha",v7_pdf_cleaned,yes
0215,Spatially Controlled Electrospinning on Grounded 3D Metallic Microneedle Arrays for Precision Chronotherapeutic Delivery,"Jinho Jeong1, Ji-Hwan Ha1*","Jinho Jeong, Ji-Hwan Ha",v7_pdf_cleaned,yes
0228,Embryo Electroporation using Microfluidic Device with Double Orifices,"N. Panklang1, B. Techaumnat2 and T. Tharasanit3","Nitipong Panklang, Boonchai Techaumnat, Theerawat Tharasanit",v6_fallback_cleaned,yes
0280,Evaluation of a Dual-Wavelength Imaging System for Multiple Volatiles Related to Alcohol Metabolism,"J. Lim, R. Miura, K. Ichikawa, K. Iitani, M. Ikeuchi, and K. Mitsubayashi","Jihu Lim, Rintaro Miura, Kenta Ichikawa, Kenta Iitani, Masashi Ikeuchi, Kohji Mitsubayashi",v6_fallback_cleaned,yes
0282,Dynamic Compression Device for Cultured Adipose Tissue,"Shu Saijo, Yuya Morimoto","Shu Saijo, Yuya Morimoto",v7_pdf_cleaned,no
0299,Development of an Amplification Free Microfluidic Aptamer Based Electrochemical Biosensor for Early Detection of Ovarian Cancer via MicroRNA Biomarkers,"Wendell. S. Palaroan1, Dharmatov. Rahula. B. Albano1,2,3","Wendell Palaroan, Dharmatov Rahula Albano",v6_fallback_cleaned,yes
0306,Self-powered Smart Microfluidic Chip for Automated Exosome Quantification and Classification,"Hyunjun Kim1, June Soo Kim2, Noah Jang1, Da Ye Kim1 and Seong Ho Kong1","Hyunjun Kim, June Soo Kim, Noah Jang, Da Ye Kim, Seong Ho Kong",v7_pdf_cleaned,yes
0307,Wearable Triaxial Force Sensor with Sensitivity Switching Mechanism for Tonometry-Based Blood Pressure Pulse Wave Measurement,"Takahisa Segoe1, Riku Niitsu1, and Tetsuji Dohi1","Takahisa Segoe, Riku Niitsu, Tetsuji Dohi",v7_pdf_cleaned,yes
0326,A Microfluidic Biosensing Platform for Quantifying Coral Respiration Breaking Temperature and Bioenergetic Responses under Thermal Stress,Y. M. Cheng and S. H. Huang,"Yu-Ming Cheng, Shih-Hao Huang",v6_fallback_cleaned,yes
0327,De Novo Design of High-Affinity Borono-L-Phenylalanine Binding Proteins Using Deep Learning and Molecular Dynamics Validation,"Yi-Te She2, Yi-Fang Wu2 , Yu-Lin Wang1,2,3 *","Yi-Te She, Yi-Fang Wu, Yu-Lin Wang",v7_pdf_cleaned,yes
0349,Exploration of Surface Modification on Microwell Array Biochip,"Zhen-Ting Fan1, Pin-Xian Du2, Guan-Da Syu2, Tien-ChunTsai3,* and Yung-Chen Cheng1,*","Zhen-Ting Fan, Pin-Xian Du, Guan-Da Syu, Tien-ChunTsai, Yung-Chen Cheng",v7_pdf_cleaned,yes
0224,Sodium Chloride Aqueous Solution Concentration Measurement Using SAW Device,"A. Waheed1, Y. Ye1, J. Waheed1, T. Saiki2, S. Amaya3, R. Sarno4, T. Matsunaga1 and S.-S. Lee1,4","Anjam Waheed, Yang Ye, Junaid Waheed, Tsunemasa Saiki, Satoshi Amaya, Riyanarto Sarno, Tadao Matsunaga, Sang-Seok Lee",v6_fallback_cleaned,yes
0238,Development of an Upcycled Sericin/Coronene/CMC Modified Paper Substrate for Dual Mode Colorimetric and LDI-MS Detection of Histamine as a Fish Freshness Indication,"Wisarttra Phamonpon1, Juan P. Hinestroza2, Nadnudda Rodthongkum1,3*","Wisarttra Phamonpon, Juan P. Hinestroza, Nadnudda Rodthongkum",v7_pdf_cleaned,yes
0287,Electroanalytical Screening of Phenolic Preservatives in Commercial Foodstuffs Utilizing Lanthanum Nickelate and Graphene Nanosheets,"Hong-Xiang Lina, Parthasarathi Manimarana, Tse-Wei Chenb,*, Bih-Show Louc,d,*, Shen Ming Chena,*","Hong-Xiang Lina, Parthasarathi Manimarana, Tse-Wei Chenb, Bih-Show Louc, Shen Ming Chena",v7_pdf_cleaned,yes
0315,A Dysprosium-Titanium Oxide Nanohybrid Electrode for Trace-Level Electro- chemical Determination of Flutamide in Complex Samples,"Hsiu-Chen Xiaoa, Nandini Nataraj a, Tse-Wei Chen b,*, , Bih-Show Lou c,d,*,Shen Ming Chen a,*","Hsiu-Chen Xiaoa, Nandini Nataraj, Tse-Wei Chen, Bih-Show Lou, Shen Ming Chen",v7_pdf_cleaned,yes
0318,Synergistic Bi-doped ZnO and Nitrogen-modified Graphene Hybrids: An Advanced Electrochemical Platform for Quantifying Metol in Complex Water Matrices,"Zhi-Yan Lia, Selva priya Selvama, Tse-Wei Chenb*, Shen-Ming Chena*","Zhi-Yan Lia, Selva priya Selvama, Tse-Wei Chenb, Shen-Ming Chena",v7_pdf_cleaned,yes
0341,ALD-Grown Al2O3 Shells on SnO2 Nanowires for Hydrogen Sensing,"E. B. Kim1, K. Y. Shin1, W. Oum1, S. Moon1, S. Jang1, Y. You1, T. Kim1 and H. W. Kim1","Eun Bi Kim, Ka Yoon Shin, Wansik Oum, Sungjoon Moon, Seonwoo Jang, Yongseong You, Taekheon Kim, Hyoun Woo Kim",v6_fallback_cleaned,yes
0365,Investigation of Titanium Nitride Extended-Gate Field-Effect Transistors for pH and Urea Sensing Applications,"Che-Hao Liao , I-Ting Chen , Chien-Sheng Huang1, Xiao Tang2 and Shih-Hung Lin1,*","Che-Hao Liao, I-Ting Chen, Chien-Sheng Huang, Xiao Tang, Shih-Hung Lin",v7_pdf_cleaned,yes
0199,Cost-Effective Hetero-Core Fiber Optic Refractive Index Sensor using Titanium Dioxide Nanoparticles/Poly-L-lysine Multilayers,"M. Kuroiwa1, K Kikuchi1, M. Nishiyama1, K. Watanabe1, and J. Ida1","Masahiko Kuroiwa, Kodai Kikuchi, Michiko Nishiyama, Kazuhiro Watanabe, Junichi Ida",v6_fallback_cleaned,yes
0209,Fluorescent Nanoclusters Preparation Using Gold Nanoparticles-Supported Titanium Oxide Catalyst,"Z. Zhang1, Q. Lai1, M. Hamamoto2, and H. Yagyu1,2","Z. Zhang, Qinzheng Lai, Hiromasa Yagyu, Mao Hamamoto",v6_fallback_cleaned,yes
0259,Fabrication and Mechanical Evaluation of Multi-Stiffness Silicone Composites via Sequential Curing,"Ke-Yuan Wang1, and Meng-Shiue Lee1,2,3","Ke-Yuan Wang, Meng-Shiue Lee",v7_pdf_cleaned,yes
0260,Engineering PDMS Substrates with Designable Mechanical and Surface Properties for Organ-on-a-Chip Applications,"Kuan-Hsien Lai1, Chien-Yen Chen2, and Meng-Shiue Lee1,2,3","Kuan-Hsien Lai, Chien-Yen Chen, Meng-Shiue Lee",v7_pdf_cleaned,yes
0286,"Integration of Glucose, Dissolved Oxygen, and Temperature Sensors into a Bioreactor Microfluidic System","Wen-Cheng Kuo*, Wei-Jun Hsu, and Liu-Fu Wu","Wen-Cheng Kuo, Wei-Jun Hsu, Liu-Fu Wu",v7_pdf_cleaned,yes
0321,Overlayer-Triggered Discontinuous Dewetting (OTDD) for Open-Surface Self- Partitioning on Microstructure Arrays,"Wei-Teng Lu1, and Meng-Shiue Lee1,2,3*","Wei-Teng Lu, Meng-Shiue Lee",v7_pdf_cleaned,yes
0324,Transient Thermal Characterization and Localized Heating Strategy of Liquid Metal Heaters in Microfluidics,"Zhe-Wei Kuo 1, Kyojiro Morikawa 1,2,3, Takehiko Kitamori 1,3,4, Chihchen Chen1","Zhe-Wei Kuo, Kyojiro Morikawa, Takehiko Kitamori, Chihchen Chen",v7_pdf_cleaned,yes
0230,Monolithic Integration of Visible light Communication Chip with a GaN-based Y- branch S-bend Waveguide,"H. Hsieh , Y. Chen , P. Tsai1, C. Liou1, and C. Tsou1","Huichi Hsieh, Yuwei Chen, Pingyen Tsai, Chengshiun Liou, Chingfu Tsou",v6_fallback_cleaned,yes
0234,Suppression of DRIE-Induced Scalloping on Si{110} Wafers via Surfactant- Added TMAH Etching,"Priyanka Dewangan1, Masaki Shimofuri2, Toshiyuki Tsuchiya2, Vishal Sahu1, Yogesh Kumar Srivastava1, and Prem Pal1","Priyanka Dewangan, Masaki Shimofuri, Toshiyuki Tsuchiya, Vishal Sahu, Yogesh Kumar Srivastava, Prem Pal",v7_pdf_cleaned,yes
0261,Performance Enhancement of an All-Silicon Broadband Terahertz Half-Wave Plate via Structural Optimization,"H. Yamane1, Y. Yamada1, Y. Kondo1, M. Fujita2, and S. Murakami1","Hidemasa Yamane, Yoshiharu Yamada, Yusuke Kondo, Masayuki Fujita, Shuichi Murakami",v6_fallback_cleaned,yes
0176,"Resistance-Modulated BJT Magneto-Transistors with Enhanced Sensitivity, Reduced Noise","Bo-Hen Lee 1, Qing-Hua Shih 2, and Ching-Liang Dai3*","Bo-Hen Lee, Qing-Hua Shih, Ching-Liang Dai",v7_pdf_cleaned,yes
0177,Bipolar Ferroelectric Resonance Frequency Control for Multi-Frequency Measurement Using Piezoelectric MEMS Ultrasonic Sensors on Sensitivity- Enhancing Buckled Diaphragm Structures,"Kaoru Yamashita, Junpei Yamamoto","Kaoru Yamashita, Junpei Yamamoto",v7_pdf_cleaned,no
0193,Flexible Airflow Sensor Using Biodegradable PLLA/W Toward Transient Implant for Respiration Monitoring,"R. Nakamura1, M. S. Al Farisi1,2, Y. Hasegawa1, M. Matsushima3, T. Kawabe3, and M. Shikida1","Ryusei Nakamura, Muhammad Salman Al Farisi, Yoshihiro Hasegawa, Miyoko Matsushima, Tsutomu Kawabe, Mitsuhiro Shikida",v6_fallback_cleaned,yes
0196,High Sensitivity Tactile Sensor Using Laser Induced Graphene and Diaphgram Sensing Structure for Palpation During Catheterization,"K. Sumiyoshi1, M. S. Al Farisi1,2, Y. Hasegawa1, M. Matsushima3, T. Kawabe3, and M. Shikida1","Kaichi Sumiyoshi, Muhammad Salman Al Farisi, Yoshihiro Hasegawa, Miyoko Matsushima, Tsutomu Kawabe, Mitsuhiro Shikida",v6_fallback_cleaned,yes
0208,Design and Performance Measurement of CMOS-MEMS Microbolometer Pixels,"Ruei-Cian Chu1, Ashwini Kumari2,3, Pushpapraj Singh3, Yi Chiu1,2","Ruei-Cian Chu, Ashwini Kumari, Pushpapraj Singh, Yi Chiu",v7_pdf_cleaned,yes
0267,An EVS-Based Particle Tracking Approach for Low-Speed Water Flow Estimation in Biologging,"Takuma Shibahara, Takuto Kishimoto, Toshihiro Shiratori, Kyota Shimada, Ryusei Ando and Hidetoshi","Takuma Shibahara, Takuto Kishimoto, Toshihiro Shiratori, Kyota Shimada, Ryusei Ando, Hidetoshi",v7_pdf_cleaned,yes
0276,POI-MEMS Pressure Sensor with Integrated Beam-Membrane Structure,"Thi Tra Giang Nguyen 1,2, Thanh An Truong1,3, Huu Cuong Nguyen1,2, Thanh Cong Nguyen1,4, Barry Kok1,4, Van Thanh Dau1, and Dzung Viet Dao1,3.","Thi Tra Giang Nguyen, Thanh An Truong, Huu Cuong Nguyen, Thanh Cong Nguyen, Barry Kok, Van Thanh Dau, Dzung Viet Dao, .",v7_pdf_cleaned,yes
0301,A Biomimetic Capacitive Tactile Sensor with a Tilted Cilia Array for Directional Shear Forces Sensing,"Eung Jun Kim1, Yoon Ji Yum2, and Hoe Joon Kim1","Eung Jun Kim, Yoon Ji Yum, Hoe Joon Kim",v7_pdf_cleaned,yes
0281,An Integrated IoT Sensor Network for Geotechnical Early Warning,"Thanh An Truong1,2, Thi Tra Giang Nguyen1,2, Cong Thanh Nguyen1,3, Barry Kok1,3, Van Thanh Dau1, Dzung Viet Dao1,2","Thanh An Truong, Thi Tra Giang Nguyen, Cong Thanh Nguyen, Barry Kok, Van Thanh Dau, Dzung Viet Dao",v7_pdf_cleaned,yes
0303,High-Stability Sodium-Selective EGISFET with Optimized TiO2 Transducer Interface,"K. C. Huang1, G. T. Wu1, Y. H. Hsiao2, T. H. Chen1, and C. T. Lin1","Kai-Chun Huang, Guan-Ting Wu, Yu-Hsuan Hsiao, Ting-Hao Chen, Chih-Ting Lin",v6_fallback_cleaned,yes
0359,Tracking and Localization Using Back-Propagation Neural Networks with Unscented Kalman Filters,"Yu-Chun Su1, Yu-ting Yang2, and Hongchin Lin1","Yu-Chun Su, Yu-ting Yang, Hongchin Lin",v7_pdf_cleaned,yes
0241,Temperature Prediction of Tool Tips for CNC AISI 1050 Dry Milling Using Passive RFID Sensing Tags and Hybrid FEA-ML Framework,"Pang-Hsiang Hung, Hsuan-Yu Kao, Pei-Zen Chang, and Wei-Chang Li*","Pang-Hsiang Hung, Hsuan-Yu Kao, Pei-Zen Chang, Wei-Chang Li",v7_pdf_cleaned,yes
0313,Optimizing Phase Purity in Spiral Micro-separators: A Computational Fluid Dynamics Approach,"Pichapon Boonkrong1, Pin-De Lee2, Bor-Yih Yu1 and Ya-Yu Chiang2*","Pichapon Boonkrong, Pin-De Lee, Bor-Yih Yu, Ya-Yu Chiang",v7_pdf_cleaned,yes
0422,An Efficient Computational Framework for Antibody Design Targeting CEACAM6,"Ting-Yu Chang1, and Yu-Lin Wang1,2,3*","Ting-Yu Chang, Yu-Lin Wang",v7_pdf_cleaned,yes
0112,Geometry-Induced Field Emission Characteristics in Planar Field Emission Triodes with Different Emitter Materials,"Ju-Hung Tsai, Wen-Teng Chang","Ju-Hung Tsai, Wen-Teng Chang",v7_pdf_cleaned,no
0351,Dual-Gate Floating-Gate van der Waals Transistor for Nonvolatile Memory and Time-Dependent AND Logic,"AND Logic Advaita Ghosh1, Adam Šlechta2, Jiří Háze2, Vilém Kledrowetz2, Yen-Fu Lin3, Shu-Ping Lin1,4*","AND Logic Advaita Ghosh, Adam Šlechta, Jiří Háze, Vilém Kledrowetz, Yen-Fu Lin, Shu-Ping Lin",v7_pdf_cleaned,yes
0447,Single Cell Full-Length Mitochondrial Genome Sequencing by Droplet Microfluidics,"Fuyang Qu †, Luoquan Li †, Juan Li †, Guangyao Cheng, Yi-Ping Ho","Fuyang Qu †, Luoquan Li †, Juan Li †, Guangyao Cheng, Yi-Ping Ho",v7_pdf_cleaned,no
0330,Nested–Tilted Folded-Beam Flexure for Mechanism-Level Extension of Stroke in MEMS Comb-Drive Actuators,"Ilgar Jafarsadeghipournaki1, Aron Michael1, and Hemanshu Pota2","Ilgar Jafarsadeghipournaki, Aron Michael, Hemanshu Pota",v7_pdf_cleaned,yes
0385,Tailoring Hard Mask Selection for Precise Nanofabrication of Electrostatic Comb-Drive Diamond Actuators,T. Ikeda1 and Y. Kanamori1,"Taro Ikeda, Yoshiaki Kanamori",v6_fallback_cleaned,yes
0154,A High-Frequency Piezoelectric MEMS Mode-Matched Gyroscope Based on Automatic Gain Control and Phase Compensation,"Zi-Yi Yu1 and Sheng-Shian Li1,2","Zi-Yi Yu, Sheng-Shian Li",v7_pdf_cleaned,yes
0164,Sustainable MXene–Cellulose Aerogel Pressure Sensors Enabled by Solvent- Free Gradient Freezing for Wearable Human–Machine Interfaces,"Ching-Jung Chang1, Zhe-Yu Liu1, Kuan-Lin Tseng1, Pulikkutty Subramaniyan1, Shan-Chu Yu2, Akhil K. Paulose1, Tzu-En Lin1*","Ching-Jung Chang, Zhe-Yu Liu, Kuan-Lin Tseng, Pulikkutty Subramaniyan, Shan-Chu Yu, Akhil K. Paulose, Tzu-En Lin",v7_pdf_cleaned,yes
0167,System-Level Electro-Mechanical Modeling for Noise-Induced Bias Instability Prediction in MEMS Gyroscopes,"Lyu-Ran Wang, Man-Ching Huang, Chien-Ching Ho, Jen-Chieh Li and Chung-Yang Sue","Lyu-Ran Wang, Man-Ching Huang, Chien-Ching Ho, Jen-Chieh Li, Chung-Yang Sue",v7_pdf_cleaned,yes
0173,Magnetic Field Sensor Utilizing Bipolar Junction Transistor Characteristics,"Qing-Hua Shih1, Zhi-Xuan Dai 1*","Qing-Hua Shih, Zhi-Xuan Dai",v7_pdf_cleaned,yes
0129,SAR-Controlled Digital Offset Calibration for CMOS MEMS Capacitive Accelerometer Readouts,"C. T. Hsin1, Y. Feng2, C. L. Wei2, C. Y. Chang1, and S. H. Tseng1","Chin-Te Hsin, Yi Feng, Chia-Ling Wei, Cheng-Yang Chang, Sheng-Hsiang Tseng",v6_fallback_cleaned,yes
0166,Triboiontronics Based on Metal-Dielectric Hybrid Surfaces,"Simran Sharma1,2, Tzu-En Lin1*, and Zong-Hong Lin2*","Simran Sharma, Tzu-En Lin, Zong-Hong Lin",v7_pdf_cleaned,yes
0182,Acoustic-Based Estimation of Lung Deposition in Dry Powder Inhalers,"M.-W. Chang¹, C.-W. Chiu¹, W.-J. Wu², W.-R. Ke³, C.-H. Fan³, and Y.-T. Liao¹","Mou-Wei Chang, Chih-We Chiu, Wen-Jui Wu, Wei-Ren Ke, Chih-Hao Fan, Yu- Te Liao",v6_fallback_cleaned,yes
0443,A Pyramidal Nanopore for ssDNA Sequencing,"Jianxin Yang1, Dehua Hu1, Tianle Pan1, and Ho-Pui Ho1*","Jianxin Yang, Dehua Hu, Tianle Pan, Ho-Pui Ho",v7_pdf_cleaned,yes
0425,Advanced Energy Materials and Devices for Low-grade Heat Harvesting and Flexible Thermal Sensing,Dongyan Xu,Dongyan Xu,v7_pdf_cleaned,no
0120,Comparative Analysis of Switching Performance and Power Loss in E-Mode GaN HEMTs with different Clamp Topologies Using Double Pulse Testing,"Susmita Mistri1*, Hao Chung Kuo 1,2","Susmita Mistri, Hao Chung Kuo",v7_pdf_cleaned,yes
0142,Channel-Orientation-Controlled LCD 3D Printing of DIW Nozzles,"Naoto Sasaki1, Koshi Hatano1, Shunya Okamoto1, Takayuki Shibata1,","Naoto Sasaki, Koshi Hatano, Shunya Okamoto, Takayuki Shibata",v7_pdf_cleaned,yes
0433,Microphysiological Muscle and Retinal Systems for Disease Modeling and Therapeutic Screening,"The demand for more predictive human-relevant models in biomedical research has stimulated the development of advanced microphysiological systems (MPS), commonly known as organ-on-a-chip platforms. These systems overcome the limitations of conventional 2D culture by recapitulating key architectural and functional features of human tissues within a 3D microenvironment. This presentation focuses on the application of MPS for modeling two distinct yet clinically critical tissues: skeletal muscle and the retina. For muscle, we introduce our 3D stem cell-derived muscle tissue system designed to mimic native myofiber alignment and contraction, which enables the modeling of muscule",Hon Fai Chan,v6_fallback_cleaned,yes
0122,Bandwidth Limits of Duty-Cycled CMOS-MEMS Gas Sensors: A Predictive Electro-Thermal Framework,"A. Šukys1 and C.-F. Chen1, 2, *","Andrius Šukys, Chien-Fu Chen",v6_fallback_cleaned,yes
0212,Engineering Interconnected Porous Structures in Battery Electrodes via Controlled Particle Assembly,"W. Kim1, H. Nam2, Oh. B. Chae2, J. Lim1","Wongi Kim, H. Nam, Oh. B. Chae, Jongkyeong Lim",v6_fallback_cleaned,yes
0348,Nanocantilever with High Figure-of-Merit for High-Speed Atomic Force Microscopy Applications,"Eying Sim Wong1, Aron Michael1, Jayden D.R Moore1, Hemanshu Pota2","Eying Sim Wong, Aron Michael, Jayden D.R Moore, Hemanshu Pota",v7_pdf_cleaned,yes
0183,Rapid Impedimetric Detection of Vibrio harveyi Using Aptamer-Modified Magnetic Beads in a Capillary-Driven Microfluidic Device,"Avinash V Police Patil1, Chia-Yu Hsieh2, and Ching-Chou Wu1,3,*","Avinash V Police Patil, Chia-Yu Hsieh, Ching-Chou Wu",v7_pdf_cleaned,yes
0147,Analytical Modeling of Serpentine Spring for Gold Proof-mass Single-axis MEMS Accelerometer,"H. Takahata, T. Kurioka, T. Yamada, C. Mukaide, K. Machida, T. M. Chang, C. Chen, Y. Miyake, H. Ito, and M. Sone","Hisashi Takahata, Tomoyuki Kurioka, Torauto Yamada, Chihaya Mukaide, Katsuyuki Machida, Chang Tso-Fu Mark, Chen Chun-Yi, Yoshihiro Miyake, Hiroyuki Ito, Masato Sone",v6_fallback_cleaned,yes
0430,MusTer: A Generalizable Microfluidic Platform Combining Multi-Parametric Droplet Sorting and Multi-Droplet Merging in Single-Cell Sequencing,"Guangyao Chenga, †, Luoquan Lia, †, Weilun Liub, †, Silin Zhongb,*, Yi-Ping Hoa, *","Guangyao Chenga, †, Luoquan Lia, †, Weilun Liub, †, Silin Zhongb, Yi-Ping Hoa",v7_pdf_cleaned,yes
0213,Fabrication of 3D Porous Sensors on Curved Surfaces Using Shear-Thinning Inks,"M. Kang, J. Lim","Minseong Kang, Jongkyeong Lim",v6_fallback_cleaned,yes
0418,Artificial Tactile Perceptual Distance Using Mechanoreceptor-Inspired Temporal Response Models,"Ryusuke. Mitobe1, Takashi. Abe1, and Masayuki. Sohgawa1","Ryusuke Mitobe, Takashi Abe, Masayuki Sohgawa",v6_fallback_cleaned,yes
0413,FET-based Biosensor for Detection of Acute Respiratory Distress Syndrome,"Ping-Hua Cheng 1, Yu-Chuan Chang 1, Yu-Jui Fan2, Horn-Jiunn Sheen1","Ping-Hua Cheng, Yu-Chuan Chang, Yu-Jui Fan, Horn-Jiunn Sheen",v7_pdf_cleaned,yes
0252,Design of a High Voltage MEMS Oscillator for Sensing and Computing Application,"En Yu Chen, Hao-Chiao Hong, Yi Chiu","En Yu Chen, Hao-Chiao Hong, Yi Chiu",v7_pdf_cleaned,no
0434,Deformability Cytometry for Noninvasive High-throughput Characterization of Cells,Megan Yi-Ping Ho,Megan Yi-Ping Ho,v7_pdf_cleaned,no
0235,"Tri-Layer Soft-Rigid Stretchable Substrates for Direct Fabrication Stretchable Electronics Device Shusuke Yamakoshi [1], Fumika Nakamura [1], Sho Sato [1], Yuji Isano [1], Yutaka Isoda [1],","Ryosuke Matsuda1, Naoko Namba3, Tsuyoshi Sekitani3,4, Takafumi Uemura3,5 and Hiroki Ota1,2,6","Ryosuke Matsuda, Naoko Namba, Tsuyoshi Sekitani, Takafumi Uemura, Hiroki Ota",v7_pdf_cleaned,yes
0424,Automated Adaptive Feature Extraction for Microfluidic Droplet Voiceprint Monitoring via Heuristic Optimization,"Yi-Lun Lan1, and Chia-Hung Tsai2","Yi-Lun Lan, Chia-Hung Tsai",v7_pdf_cleaned,yes
0227,Microfluidic Platform for Non-Destructive Mechanical Characterization of Growing Roots Using Controlled Osmotic Loading,"H. Hida1, T. Hamada1, S. Fukui1, I. Kanno1, and M. Notaguchi2","Hirotaka Hida, Taiki Hamada, Shoyo Fukui, Isaku Kanno, Michitaka Notaguchi",v6_fallback_cleaned,yes
0338,"Spring-Terminated Cantilever Structure: Modelling, Design and Fabrication","Ismaeel Shah1 , Aron Michael1 , Hemanshu Pota2","Ismaeel Shah, Aron Michael, Hemanshu Pota",v7_pdf_cleaned,yes
0309,Novel Deposition Technique for Fabricating Films with Customized Thickness Profiles,"Chi-Yung Hsieh, Yu-Chi Lin, Xuan-Shan Huang, Jing-Ting Lin, and Cheng-Sheng Huang","Chi-Yung Hsieh, Yu-Chi Lin, Xuan-Shan Huang, Jing-Ting Lin, Cheng-Sheng Huang",v7_pdf_cleaned,yes
0390,"Magnetic-Piezoelectric MEMS Based 3-Axial Magnetic Sensor for DC, AC 60 Hz, and AC Resonating Magnetic Field Applications",Yu-En Tsai1、Hao Duan1、Che-Wei Lin1、Tien-Kan Chung1、2*,Yu-En Tsai、Hao Duan、Che-Wei Lin、Tien-Kan Chung、,v7_pdf_cleaned,yes
0262,Flows Driven in Biomimetic Fluidic Device with Decoupled Features of Small Intestinal Tract,"Kazuki Komatsu1, Satoru Kuriu2, Naoyuki Yamamoto3, and Tadashi Ishida4","Kazuki Komatsu, Satoru Kuriu, Naoyuki Yamamoto, Tadashi Ishida",v7_pdf_cleaned,yes
0388,An Equivalent Circuit Model for Analyzing Nonlinear Phenomena in a NEMS resonator,"Kyosuke Tokuno1 , Yoshishige Tsuchiya2 , and Daisuke Yamane1,3","Kyosuke Tokuno, Yoshishige Tsuchiya, Daisuke Yamane",v7_pdf_cleaned,yes
0339,Ultra-thin Piezoelectric Micromachined Ultrasound Transducer Based on Silicon-on-Nothing Structure,"Z. Tang, A. Vergara, and S. Tanaka","Zhengnan Tang, Andrea Vergara, Shuji Tanaka",v6_fallback_cleaned,yes
0402,A Quasi-Zero Stiffness MEMS Resonator with Electrically Tunable Nonlinearity,"Tongtian Zhang1, Junhui Wu1, Xinchen Wan1, and Guangya Zhou1","Tongtian Zhang, Junhui Wu, Xinchen Wan, Guangya Zhou",v7_pdf_cleaned,yes
0294,UV Laser-Enhanced Yield Improvement of Dinuclear Zn(II) Complexes in a Microfluidic Platform,"Daiki Tanaka1,2, Masashi Kobayashi1, Risa Fujita2, Takashiro Akitsu3, Takashi Tanii1,2, Shuichi Shoji2, and Masahiro Furuya1,2","Daiki Tanaka, Masashi Kobayashi, Risa Fujita, Takashiro Akitsu, Takashi Tanii, Shuichi Shoji, Masahiro Furuya",v7_pdf_cleaned,yes
0362,Arrays of Neuronal Spheroids and Measurement of Neural Activity,"Yuto Sato1, Midori Kato-Negishi2, Yuya Sato1, Takashi Tanii1, and Yuya Morimoto1","Yuto Sato, Midori Kato-Negishi, Yuya Sato, Takashi Tanii, Yuya Morimoto",v7_pdf_cleaned,yes
0358,Wrinkle-free SiO2 Membrane Fabrication for Soft X-Ray Analysis,"A. Mizushima* 1, Y. Nagayama*2, T. Nagata2, K. Inoue2, T. Kimura2 and Y. Mita1","Ayako Mizushima, Yuuichi Nagayama, Takashi Nagata, Keiichi Inoue, Takashi Kimura, Yoshio Mita",v6_fallback_cleaned,yes
0454,Innovative Thermomagnetic Ultra-Thick Film Based Target Demonstrating a Wireless Electromagnetic Induction Heating and Temperature Measurement of Lung Lesions,"Yi-Hsien Wu1#, Ching-Kai Lin2,3,4#, Chen-Wei Chang1, Chin-Chung Chen1, Shu-Chung Lee1, Yun-Chien Cheng1, Tien-Kan Chung1,5*","Yi-Hsien Wu#, Ching-Kai Lin, #, Chen-Wei Chang, Chin-Chung Chen, Shu-Chung Lee, Yun-Chien Cheng, Tien-Kan Chung",v7_pdf_cleaned,yes
0247,UiO-66 MOF-Integrated Microarrays for Multiplexed and High-Throughput Detection of Cancer Biomarkers,"Yi-Syuan Zeng, Hung-Wei Yang*","Yi-Syuan Zeng, Hung-Wei Yang",v7_pdf_cleaned,yes
0353,On-Chip Chemical Control of the Gaseous Microenvironment for Root Growth Using an Integrated Micromixer,"T. Fukunaga1, M. P. Beier2, I. Kanno1, and H. Hida1","Tsubasa Fukunaga, Marcel Beier, Isaku Kanno, Hirotaka Hida",v6_fallback_cleaned,yes
0165,Micro-Volume Viscosity Measurement by Janus Particle-Based Rotational Diffusometry Combining Deep Learning,"Soumyajit Podder1, Tatsuhito Hasegawa2, and Han-Sheng Chuang1","Soumyajit Podder, Tatsuhito Hasegawa, Han-Sheng Chuang",v7_pdf_cleaned,yes
0205,Application and Therapeutic Evaluation of Folic Acid–Modified Boric Acid– Poly(vinyl alcohol) Nanodrugs for Boron Neutron Capture Therapy of Pancreatic Cancer,"Chi-Heng. Lee1, Chu-Yi Tang 1, and Fan-Gang Tseng *1,2","Chi-Heng. Lee, Chu-Yi Tang, Fan-Gang Tseng",v7_pdf_cleaned,yes
0217,Wet Bulk Micromachining of Borofloat Glass Wafers Using Ni Thin- Film/Photoresist Masks,"Vishal Sahu*, Priyanka Dewangan, and Prem Pal","Vishal Sahu, Priyanka Dewangan, Prem Pal",v7_pdf_cleaned,yes
0283,Sensitivity of LSPR Sensor using Gold Nanotriangles Synthesized with Microfluidics,"Y. Xie 1, M. Hamamoto 2, and H. Yagyu 1,2","Yifeng Xie, Mao Hamamoto, Hiromasa Yagyu",v6_fallback_cleaned,yes
0312,Moiré Pattern Vision-Based Tactile Sensor: A Robust Solution for Multidirectional Force Detection and Object Recognition,"Gandha Satria Adi1, Yongrok Jeong2, and Inkyu Park1,*","Gandha Satria Adi, Yongrok Jeong, Inkyu Park",v7_pdf_cleaned,yes
0150,Omnidirectional Spiral Surface Acoustic Wave–Driven Rapid Immunofluorescence Intensification via Porous Hydrogel Microbeads,"Chun-Jui Chen1, a, Wei Hsiang Chou 1, b, Jaesung Kwon 2, c, Han-Sheng Chuang1, *","Chun-Jui Chen, Wei Hsiang Chou, Jaesung Kwon, Han-Sheng Chuang",v7_pdf_cleaned,yes
0152,Prognostic Value of Circulating Hybrid Cells and P-score in Colorectal Cancer: An Analysis via HD-SACA System,"Hsiang-Wei Liu1, Po-Cheng Liu1, Jie-Yu Liu1 , Chun-Chi Lin2 , Fan-Gang Tseng*1,3","Hsiang-Wei Liu, Po-Cheng Liu, Jie-Yu Liu, Chun-Chi Lin, Fan-Gang Tseng",v7_pdf_cleaned,yes
0279,Enhanced Sensitivity of Flexible Laser-Induced Graphene Pressure Sensors via Hilbert-Curve Patterning for Smart Fitness Applications,"Y. C. Lin1, J. T. Wu3, H. F. Lin2, Y. W. Lu 1","Yu-Chun Lin, Yen-Wen Lu, Hsin-Fu Lin, Jason Tung Wu",v6_fallback_cleaned,yes
0360,Suppression of Rubidium Loss During Thermal Decomposition in MEMS Vapor Cells Using Thin ALD-AL₂O₃ Layers,"S. Kiyose1, T. Tsuchiya1, and Y. Hirai2","Shun Kiyose, Toshiyuki Tsuchiya, Yoshikazu Hirai",v6_fallback_cleaned,yes
0372,Acupuncture Needle-Based Conformal Sensor Platform for Deep-Tissue Oxygen Monitoring,"Yeju Seo¹, Inkyu Park¹*","Yeju Seo, Inkyu Park",v7_pdf_cleaned,yes
0219,Hetero-Core Fiber Optic Localized Surface Plasmon Resonance Sensor for Evaluating the Concentration of Glucose in Aqueous Samples,"D. Banerjee1, and M. Nishiyama1","Deepro Banerjee, Michiko Nishiyama",v6_fallback_cleaned,yes
0291,A SiC Thin-film Heat Flux Sensor with Microsecond Response for Extreme High Temperature Exposure Up To 1500 °C,"Y. Zhu1,2, Z. Ye1,2, A. Yi1, Z. Lu1, H. Zhou1, Y. Wang1, X. Ou1 and T. Li1","Yue Zhu, Zhiwei Ye, Ailun Yi, Zhongming Lu, Hong Zhou, Yi Wang, Xin Ou, Tie Li",v6_fallback_cleaned,yes
0369,Fabrication of Aerogel-Based Transparent Haze Film for Enhanced Forward Light Scattering and Passive Radiative Cooling in Solar Cells,G. W. Lee and J. Choi*,"Gyeongwan Lee, Jungwook Choi",v6_fallback_cleaned,yes
0370,Charge-Modulated Conductance and Synaptic Behavior in Gr/h-BN/WSe2 van der Waals Transistors,"Jing-Wei Wang 1, Yen-Fu Lin 2, and Shu-Ping Lin 3,4*","Jing-Wei Wang, Yen-Fu Lin, Shu-Ping Lin",v7_pdf_cleaned,yes
0377,Verification of Detection Depth Control in Skin Moisture Monitoring Using Narrow-gap Interdigitated Electrode Sensors,"H. Ito, Y. Sakaue, H. Ishizuka, and O. Oshiro","Hisashi Ito, Yusuke Sakaue, Hiroki Ishizuka, Osamu Oshiro",v6_fallback_cleaned,yes
0253,Ring-width regulated Underfocus Real-Time Deformability Cytometry,"Qinru XIAO1, Guangyao CHENG1, Kuan Wen Lou1, and Yi-Ping HO1","Qinru XIAO, Guangyao CHENG, Kuan Wen Lou, Yi-Ping HO",v7_pdf_cleaned,yes
0300,Roberval-Type Load Cell with a Directly Formed Piezoresistor by LASER Annealing,"Tatsuki Ono1, Rihachiro Nakashima1, Soya Sato1, Masahiro Fukuta1 and Hidetoshi Takahashi1","Tatsuki Ono, Rihachiro Nakashima, Soya Sato, Masahiro Fukuta, Hidetoshi Takahashi",v7_pdf_cleaned,yes
0368,Development of a Clinically Reliable Platform for Noninvasive Sweat Glucose Sensing,"Hsiu-Pen Lin, Yi-Ning Yeh, Pei-An Chen, and Bor-Ran Li","Hsiu-Pen Lin, Yi-Ning Yeh, Pei-An Chen, Bor-Ran Li",v7_pdf_cleaned,yes
0379,Reliable Single-Molecule-Level DNA Base Identification by Combining Weighted Peak Scoring and Machine Learning Analysis of SERS Spectra,"M. Taguchi1, Y. Ogura1, S. Yotsuzuka1, H. Honma1, K. Sugano1,2, and Y. Isono1","Makoto Taguchi, Yuta Ogura, Shintaro Yotsuzuka, Hiroaki Honma, Koji Sugano, Yoshitada Isono",v6_fallback_cleaned,yes
0406,Fabrication and Integration of a 3D Micro-Lattice Electrode for Microfluidic Enzymatic Systems,"Satoshi Amaya1, Mizuki Maeda2, Hirotaka Sugiura1, Fumihito Arai1, and Hiroaki Sakamoto2","Satoshi Amaya, Mizuki Maeda, Hirotaka Sugiura, Fumihito Arai, Hiroaki Sakamoto",v7_pdf_cleaned,yes
0157,Nanoscale 3D Printing of Selectively Silicon-Nanocrystal-Functionalized Silica Glass Structures,"Chao-Yuan Tan, Po-Han Huang","Chao-Yuan Tan, Po-Han Huang",v7_pdf_cleaned,no
0344,A Temperature-compensated Liquid-metal Flexible Strain Sensor Integrated into a Microfinger for Tactile Sensing under Temperature Variations,"Kensei Hara1, Yuto Hori1, and Satoshi Konishi1","Kensei Hara, Yuto Hori, Satoshi Konishi",v7_pdf_cleaned,yes
0380,"Battery-Free, Wireless Multi-Axial Sensor Array for Continuous Pressure and Shear Monitoring at the Skin-Cast Interface","Jiwon Moon1, Hyeonseok Han1, Seokjoo Cho1, and Inkyu Park1","Jiwon Moon, Hyeonseok Han, Seokjoo Cho, Inkyu Park",v7_pdf_cleaned,yes
0394,Synchronization in Duffing MEMS Resonators and Chaos-Based Encryption,"Zheng Zhang1, Junhui Wu1, and Guangya Zhou1","Zheng Zhang, Junhui Wu, Guangya Zhou",v7_pdf_cleaned,yes
0416,Nanostructured Biosensing Platforms for Rapid Diagnosis of Swine Viral and Bacterial Diseases,"Yi-Jing Liao 1+ and Shu-Ping Lin 2, 3, *","Yi-Jing Liao +, Shu-Ping Lin",v7_pdf_cleaned,yes
0248,Transdermal Microneedle Tyrosinase Sensor Based on Phenylboronic Acid- Modified Pt-mSiO₂ Nanorods for Early Melanoma Detection,Chien-Pin Wang and Hung-Wei Yang*,"Chien-Pin Wang, Hung-Wei Yang",v7_pdf_cleaned,yes
0391,Advancing BNCT Precision Medicine Through Accelerated Aptamer Selection and AI-Driven Data Mining for High-Sensitivity Boronophenylalanine Monitoring,"Yi-Fang Wu¹, Yi-Te She¹, Yu-Lin Wang¹ ² ³*","Yi-Fang Wu, Yi-Te She, Yu-Lin Wang",v7_pdf_cleaned,yes
0393,Extracellular Potential Recording of Innervated Cultured Skin Using Flexible Parylene Electrodes,"Koji Shibata1, Midori Kato-Negishi2, and Yuya Morimoto1","Koji Shibata, Midori Kato-Negishi, Yuya Morimoto",v7_pdf_cleaned,yes
0395,AI-Driven Process-Tolerant BioFET Sensing Model for Precise Biliary Atresia Diagnosis of Infants with a Single Drop of Blood,"Chia Kai Lin1, Yu-Lin Wang1, 2, *","Chia Kai Lin, Yu-Lin Wang",v7_pdf_cleaned,yes
0409,Rapid Quantification of Short-Chain Fatty Acids in Human Fecal Samples via Dual-Mechanism Electrochemical Sensing and Artificial Neural Networks,"Bing-Chen Gu1, Zhi-Xuan Lin2, Zhung-Wen Yeh2, Chia-Che Wu1,2,3*","Bing-Chen Gu, Zhi-Xuan Lin, Zhung-Wen Yeh, Chia-Che Wu",v7_pdf_cleaned,yes
0415,Development of a Microfluidic Platform for Bone Substitute Degradation Evaluation Incorporating Dynamic Squeezing Stimulation and Impedance Monitoring,"J. Y. Huang1, B. R. Tu1, and C. H. Huang1*","Jun-Yi Huang, Bo-Ren Tu, Chun-Hao Huang",v6_fallback_cleaned,yes
0420,NH₂-Functionalized MIL-101(Fe) Metal–Organic Frameworks as an Efficient Signal-Enhancing Interface for Electrochemical Aptasensing of Vibrio harveyi,"Rajesh Kumar Raghav1, Chia-Yu Hsieh2, and Ching-Chou Wu1,3,*","Rajesh Kumar Raghav, Chia-Yu Hsieh, Ching-Chou Wu",v7_pdf_cleaned,yes
0426,"Multifunctional Nanostructured Biosensor Platform Integrating Electrical,","Optical Transduction Mechanisms Hung-Hsiang Wang 1, Yu-Quan Chen1, and Chih-Ting Lin 1","Optical Transduction Mechanisms Hung-Hsiang Wang, Yu-Quan Chen, Chih-Ting Lin",v7_pdf_cleaned,yes
0436,Print-Pause-Print Adaptation in Digital Light Processing 3D-Printing for Efficient Fabrication of Cell Culture and Monitoring Devices,"Phong V. Lam1, Huei-Wen Chen2,3, Pai-Shan Chen2, and Pin-Chuan Chen1","Phong V. Lam, Huei-Wen Chen, Pai-Shan Chen, Pin-Chuan Chen",v7_pdf_cleaned,yes
0455,Sweat Ion Sensor Based on an Ultra-Thin In₂O₃ Field-Effect Transistor,"Jheng-Ru Wu1, Yu-Ta Chen2, and Chien-Fu Chen1, 2, 3","Jheng-Ru Wu, Yu-Ta Chen, Chien-Fu Chen",v7_pdf_cleaned,yes
0457,Development and Validation of a Mechanical Sector-Scanning High-Frequency Ultrasound Imaging System for Curved Nail Unit Structures,"Shing-You Chou1, Jian-Xing Wu1","Shing-You Chou, Jian-Xing Wu",v7_pdf_cleaned,yes
0346,An Investigation into Size and Shape Effects on Al2O3-ISFET Performance,"Chen-Chieh Tu1, Tsung-Yang Chen2, Feng-Cheng Chao2, Pei-Yu Lin3 and Chih-Ting Lin3","Chen-Chieh Tu, Tsung-Yang Chen, Feng-Cheng Chao, Pei-Yu Lin, Chih-Ting Lin",v7_pdf_cleaned,yes
0366,Surface Modification-Based Electrode Electrochemical Sensing of Sodium Dodecyl Sulfate with Molecularly Imprinted Polypyrrole Films,"Abbey V. Franco1, Dharmatov R. Albano1,2,3","Abbey Franco, Dharmatov Albano",v6_fallback_cleaned,yes
0386,Defect-Rich Bimetallic Layered Double Hydroxide/Graphene Nanohybrids for Voltammetric Determination of Veterinary Antibiotics in Complex Matrices,"Chen-Ho Wua, Francis Packiaraj Don Disouza a, Gomathi Balasubramaniyan Tamil Prabhakaran a, Shen-Ming Chen a*","Chen-Ho Wua, Francis Packiaraj Don Disouza, Gomathi Balasubramaniyan Tamil Prabhakaran, Shen-Ming Chen",v7_pdf_cleaned,yes
0404,Development and Investigation of Highly Selective Chemoresistive Sensing Materials for Aldehyde Gas Detection,"Hui-Tzu Chang1, Yun-Shan Tsai2, Chung-Wei Kung2, and Shih-Han Wang1*","Hui-Tzu Chang, Yun-Shan Tsai, Chung-Wei Kung, Shih-Han Wang",v7_pdf_cleaned,yes
0451,Arc Filament Generated Plasma Ion Source Using a Cigarette Ignition Coil for Mass Spectrometry Applications,"Yun-Hsin Shih1, and Che-Hsin Lin1, 2","Yun-Hsin Shih, Che-Hsin Lin",v7_pdf_cleaned,yes
0270,A Solvent-Free Photoresist Transfer Approach for Micropattern Fabrication,"Na Yoon Kim1, 2, Kyeong Jun Park1, 2, Ho Hyun Keum2, and Hoe Joon Kim1","Na Yoon Kim, Kyeong Jun Park, Ho Hyun Keum, Hoe Joon Kim",v7_pdf_cleaned,yes
0271,Investigation of the Impact of Substrate Grating Structures on Contact Resistance in Graphene-based Field Effect Transistor,"Wei-Yu Long1*, Yan-Yi Lin 2, Po-Han Shia 2, and Chih-Ting Lin2","Wei-Yu Long, Yan-Yi Lin, Po-Han Shia, Chih-Ting Lin",v7_pdf_cleaned,yes
0277,Surface Zeta Potential and Time-Dependent Changes of Plasma-Activated Silicon Wafers for Direct Bonding,"Yukio Suzuki1, Joji Kato2, Yuta Karasumi2, Tatsuya Matsumoto1, Junxiao Shen1, Shuji Tanaka1","Yukio Suzuki, Joji Kato, Yuta Karasumi, Tatsuya Matsumoto, Junxiao Shen, Shuji Tanaka",v7_pdf_cleaned,yes
0311,Preparation of Nanoclusters-supported on Titanium Oxide by Colloidal Immobilized Method,"Q. Lai1, Z. Zhang1, and H. Yagyu1","Qinzheng Lai, Zichen Zhang, Hiromasa Yagyu",v6_fallback_cleaned,yes
0343,Ammonia Gas Detection Using a Hetero-Core Optical Fiber Sensor Coated with Layer-by-Layer Deposited PDDA/TSPP Film,"T. Kawasaki1, M. Kuroiwa1, K. Kikuchi1, M. Nishiyama1, K. Watanabe1, and J. Ida1","Toshiyuki Kawasaki, Masahiko Kuroiwa, Kodai Kikuchi, Michiko Nishiyama, Kazuhiro Watanabe, Junichi Ida",v6_fallback_cleaned,yes
0398,Optimization of Growth Parameters and Microstructural Properties of AlN Films on Sapphire Deposited by HiPIMS,"Chih-Jou Tseng , Ya-Hsuan Chen , Chih-Yang Huang and Ray-Hua Horng","Chih-Jou Tseng, Ya-Hsuan Chen, Chih-Yang Huang, Ray-Hua Horng",v7_pdf_cleaned,yes
0335,Integrated Microfluidic Circuit with Block Diagrams in MATLAB,"Yung-Hsiang Chang1, Kyojiro Morikawa1,2,3,4, Takehiko Kitamori1,2,4,5, and Chihchen Chen1,2","Yung-Hsiang Chang, Kyojiro Morikawa, Takehiko Kitamori, Chihchen Chen",v7_pdf_cleaned,yes
0363,Rheological Behavior Analysis and Mechanical Phenotyping Study of Cells Passing Through Microchannels Based on Finite Element Method,"Yuhang Li1, Yaoqiang Liu1, Xiaoling Hu1,2, and Kui Song1,2","Yuhang Li, Yaoqiang Liu, Xiaoling Hu, Kui Song",v7_pdf_cleaned,yes
0412,Microchamber-Based Digital PCR for The Detection of COVID-19 Virus,"Chang-Fu Huang1 and Yen-Heng Lin1,2,*","Chang-Fu Huang, Yen-Heng Lin",v7_pdf_cleaned,yes
0316,Nano-Grating-Assisted Integration of SPR and SERS for Advanced Plasmonic Sensing,"Nan-Fu Chiu1,2*, Yong-Ai Wu1, I-Ju Chen1 and Devi Taufiq Nurrohman1","Nan-Fu Chiu, Yong-Ai Wu, I-Ju Chen, Devi Taufiq Nurrohman",v7_pdf_cleaned,yes
0431,Design of Monolithic Optical Engine on GaN-on-Silicon Platform,"Y. Hsu1, Y. Chen1, H. Hsieh1 and C. Liou1","Yu-Chia Hsu, Yu-Wei Chen, Hui-Chi Hsieh, Cheng-Shiun Liou",v6_fallback_cleaned,yes
0119,Design and Implementation of Piezoelectric MEMS Audio Transducer with Parylene for Acoustic Performance Improvement,"Zih-Song Hu1, Yu-Chen Chen2 and Weileun Fang1,2,3","Zih-Song Hu, Yu-Chen Chen, Weileun Fang",v7_pdf_cleaned,yes
0302,"Simultaneous Measurement System of MRI, Endoscopic RGB Imaging, and Mechanical Force for Biological Observation","Reki Mukasa1, and Tetsuji Dohi1","Reki Mukasa, Tetsuji Dohi",v7_pdf_cleaned,yes
0322,A Eco-friendly and Wearable Biomechanical Sensor Design based on Triboelectrification,"S. M. Huang1, and P. K. Yang1","Shih-Min Huang, Po-Kang Yang",v6_fallback_cleaned,yes
0347,Evaluation of Frequency Response Characteristics of Cylindrical Hollow Hetero-core Optical Fiber Beam Accelerometer,"Hiroki.Kadotani1, A. Hirose1, and M. Nishiyama1","Hiroki Kadotani, Atsuki Hirose, Michiko Nishiyama",v6_fallback_cleaned,yes
0350,Nonplanar-Feeding Microwave Fluidic Sensor for Density Identification of Ethanol-Water Solutions,C. -P Chang and C. -H. Liu,"Chen-Pu Chang, Chien-Hao Liu",v6_fallback_cleaned,yes
0355,Microfluidic Pressure Sensor Utilizing FEP as the Deformable Membrane,"Bao-Cheng Huang1, Kao-Mai Shen1, Kyojiro Morikawa1,2,3, Takehiko Kitamori1,3,4 Chihchen Chen1","Bao-Cheng Huang, Kao-Mai Shen, Kyojiro Morikawa, Takehiko Kitamori, Chihchen Chen",v7_pdf_cleaned,yes
0356,A Compact and Scalable Multi-Resistor MEMS Pirani Gauge,"Ashwini Kumari , Piyush Kumar1, Khanjan Joshi1, Ruei-Cian Chu3, Yi Chiu2,3, and Pushpapraj Singh1","Ashwini Kumari, Piyush Kumar, Khanjan Joshi, Ruei-Cian Chu, Yi Chiu, Pushpapraj Singh",v7_pdf_cleaned,yes
0367,Sampling Moiré Method Force Plate Utilizing Pantograph Structure for Out-of- Plane Detection,"Kakeru Nakayama1, Mai Kawamata1, Ohga Nomura1, Yukitake Nakahara1, Toshihiro Shiratori1, and Hidetoshi Takahashi1","Kakeru Nakayama, Mai Kawamata, Ohga Nomura, Yukitake Nakahara, Toshihiro Shiratori, Hidetoshi Takahashi",v7_pdf_cleaned,yes
0378,Real-Time In-Situ Monitoring of Plasma Etching Using Quartz Crystal Microbalance Sensors,"Kyeong Jun Park1,5, Eun Seo Go2, Yongjun Kwon2,4, Moonsoo Bak4, Hohyun Keum5, Hyeong-U Kim2,3,4*, and Hoe Joon Kim1*","Kyeong Jun Park, Eun Seo Go, Yongjun Kwon, Moonsoo Bak, Hohyun Keum, Hyeong-U Kim, Hoe Joon Kim",v7_pdf_cleaned,yes
0400,Direction-Aware Piezo-Transmittance Sensor Arrays for Real-Time Human Motion Monitoring and Advanced Wearable Electronics,"Byeongmin Kang1,2, Kwangjun Kim3, Jimin Gu4, Jun-ho Jeong2, Jong G. Ok3, and Inkyu Park1","Byeongmin Kang, Kwangjun Kim, Jimin Gu, Jun-ho Jeong, Jong G. Ok, Inkyu Park",v7_pdf_cleaned,yes
0407,A Flexible Capacitive Pressure Sensor with Porous PDMS Sponge for Swelling Detection,"Chin-Cheng Wu1, Cheng Kuo 2, Chang-Lung Tsai1 and Jin-Chern Chiou2,*","Chin-Cheng Wu, Cheng Kuo, Chang-Lung Tsai, Jin-Chern Chiou",v7_pdf_cleaned,yes
0423,"LC Repeater-Inspired Battery-free, Chipless, Flexible Body Sensor Network with Lightweight Reader","Guan-Lin Su, and Ting-Wei Wang*","Guan-Lin Su, Ting-Wei Wang",v7_pdf_cleaned,yes
0382,FET-Based Visualized Molecular Sieves for Thermal Shock-Driven Mercury Detection,"Guan-Cheng Zeng1, and Yu-Lin Wang1,2,3*","Guan-Cheng Zeng, Yu-Lin Wang",v7_pdf_cleaned,yes
0408,A 14.5-bit Hybrid SAR and Single-Slope Analog-to-Digital Converter with Background Calibration,"Cheng-Ya Yu1[0009-0008-8960-5976], Pai-Hsiang Hsu2[0000-0002-1012-4790], Yueh-Ru Lee3[0009-0000-3369-8490], Chung-Chih Hung4 [0000-0002-5817-712X] , and Chia-Hung Chen5[0000-0001-7753-1721]","Cheng-Ya Yu, Pai-Hsiang Hsu, Yueh-Ru Lee, Chung-Chih Hung, Chia-Hung Chen",v7_pdf_cleaned,yes
0419,APTES-Functionalized EGFETs Enabled by Thermally Assisted Hg²⁺–Molecular Sieve Complexation for Highly Sensitive Mercury Detection,"Ching-Yao Lan1, Guan-Cheng Zeng2 and Yu-Lin Wang1,2,3*","Ching-Yao Lan, Guan-Cheng Zeng, Yu-Lin Wang",v7_pdf_cleaned,yes
0220,SAW Thermoacoustic Mach-Zehnder Phase Modulator for Physical Reservoir Computer,"Kotaro Nose, Taiki Ijima, Masaki Shimofuri, Jun Hirotani, and Toshiyuki Tsuchiya","Kotaro Nose, Taiki Ijima, Masaki Shimofuri, Jun Hirotani, Toshiyuki Tsuchiya",v7_pdf_cleaned,yes
0225,A Raman Spectroscopy–Based Signal Processing and Machine Learning Framework for Robust Circulating Tumor Cell Detection,"J. L. Li1, H. T. Chang1, W. W. Hu1, I. T. Chyuan2, M. H. Chiu2, Y. C. Cheng2 and C. W. Tsao1,2,*","Jia-Ling Li, Hsien-Ting Chang, Wei-Wen Hu, I-Tsu Chyuan, Ming-Huang Chiu, Yu-Che Cheng, Chia-Wen Tsao",v6_fallback_cleaned,yes
0292,Bridging LFP and Action Potential Representations for Learning-Based Closed- Loop Deep Brain Stimulation,"Jin-Rong Lai1, Shun-Chao Yang2, Chiang Jung2, Chia-Hung Cho2, Chii-Wann Lin1,2","Jin-Rong Lai, Shun-Chao Yang, Chiang Jung, Chia-Hung Cho, Chii-Wann Lin",v7_pdf_cleaned,yes
0293,Enhancing Granularity Robustness in Acoustic Tool-Wear Classification for CNC Milling Using a CNN-Augmented Transformer,"Shang-Yu Lin, Po-Han Chen, Pang-Hsiang Hung, Pei-Zen Chang, and Wei-Chang Li*","Shang-Yu Lin, Po-Han Chen, Pang-Hsiang Hung, Pei-Zen Chang, Wei-Chang Li",v7_pdf_cleaned,yes
0226,A Low-Noise Amplifier with Accurate Embedded Hybrid Time-Gain Compensation for Ultrasound Receiver Front-Ends,"Y. S. Chou1, C. H. Xu1, C. H. Huang2, and Y. T. Liao1","Yu-Siang Chou, Chen-Hua Xu, Chih-Hsien Huang, Yu-Te Liao",v6_fallback_cleaned,yes
0135,Design and Optimization of Thermal Management for Thin-Film Heating in Microfluidic Systems,"PingJui Wu , Kyojiro Morikawa , Takehiko Kitamori1,3,4, Chihchen Chen1","PingJui Wu, Kyojiro Morikawa, Takehiko Kitamori, Chihchen Chen",v7_pdf_cleaned,yes
0233,Influence of Porous Transport Layer Pore Size on the Performance of Anion Exchange Membrane Water Electrolysis: Multiphysics Simulation Investigation,"Chih-Yen Kuo1, Li-Yun Yeh2, Yung-Liang Tung2, Li-Da Chiu3, Chih-Hung Chen 1,*,Jian-Zhang","Chih-Yen Kuo, Li-Yun Yeh, Yung-Liang Tung, Li-Da Chiu, Chih-Hung Chen, Jian-Zhang",v7_pdf_cleaned,yes
0162,Bias Magnetic Field Dependence and Magnetostrictive Constant for MEMS Magnetostrictive Vibration Energy Harvesters Using Fe-Based Nanocrystalline Soft-Magnetostrictive Films,"T. Sakamoto1, K. Sano1, C. Oka1, J. Sakurai1,and S. Hata1","Tatsuya Sakamoto, Kohya Sano, Chiemi Oka, Junpei Sakurai, Seiichi Hata",v6_fallback_cleaned,yes
0168,Effects of a CaCO₃ Scattering Layer and CDCA Co-Adsorbent on the Efficiency of TiO₂ Dye-Sensitized Solar Cells,"Bo-Yu Huang, and Chun-Yu Li","Bo-Yu Huang, Chun-Yu Li",v7_pdf_cleaned,yes
0396,Piezoelectric MEMS Resonators and Oscillators in Liquid Environment for Mass Sensing Applications,"Navajyoth Kummath, Sheng-Shian Li","Navajyoth Kummath, Sheng-Shian Li",v7_pdf_cleaned,no
0414,A 50 GHz Switched-Line RF MEMS Phase Shifter with Low Loss on Sapphire Substrate,"Piyush Kumar1, Ashwini Kumari1, Rahul Mehra2, and Pushpapraj Singh1","Piyush Kumar, Ashwini Kumari, Rahul Mehra, Pushpapraj Singh",v7_pdf_cleaned,yes
0181,Liquid Metal Powder–Enabled Conductive Networks for Multifunctional and Versatile Electronics,"Osman Gul1, and Inkyu Park1","Osman Gul, Inkyu Park",v7_pdf_cleaned,yes
0269,Laser-Induced Graphene Hybrid Sensor for Simultaneous Gas and Air flow Detection,"Kenta Murakami1, Ryusei Ando2, Rihachiro Nakashima2, Yoshiyuki Kaiho1, Yoshifumi Yoshida1, and Hidetoshi Takahashi2","Kenta Murakami, Ryusei Ando, Rihachiro Nakashima, Yoshiyuki Kaiho, Yoshifumi Yoshida, Hidetoshi Takahashi",v7_pdf_cleaned,yes
0314,Investigation of Electron Spin Resonance Imaging of a Hair Fragment,"Kaoru Fukushima, Takahito Ono, Masaya Toda","Kaoru Fukushima, Takahito Ono, Masaya Toda",v7_pdf_cleaned,no
0333,Skin-Conformal Tessellated Platforms with On-Demand Switchable Adhesion for Wearable Devices,"G. Choi1, H. E. Jeong2, and I. Park1,3","Geonjun Choi, Hoon Eui Jeong, Inkyu Park",v6_fallback_cleaned,yes
0381,An Ultra-High Precision Refractive Index Measurement Framework Based on Surface Plasmon Resonance System with Flow-Thermal Coupling Compensation,"Jian-Hong Yang1, Chia-Ling Chiang1, Hong-Xiang Jiang2, Pien-Pien Lin2, Ming-Hsien Lee2, Ying-Ju Chen2, Dan Jing Chang1, Tzu-Heng Wu1, Nien-Tsu Huang1, and Chii-Wann Lin1,2*","Jian-Hong Yang, Chia-Ling Chiang, Hong-Xiang Jiang, Pien-Pien Lin, Ming-Hsien Lee, Ying-Ju Chen, Dan Jing Chang, Tzu-Heng Wu, Nien-Tsu Huang, Chii-Wann Lin",v7_pdf_cleaned,yes
0158,Flexible MEMS Thermal Sensor Using Cost-Effective Metallization: Cu,"M. S. Al Farisi1,2, R. Aso1, Y. Hasegawa1, and M. Shikida1","Muhammad Salman Al Farisi, Rintaro Aso, Yoshihiro Hasegawa, Mitsuhiro Shikida",v6_fallback_cleaned,yes
0290,Response Evaluation of a Tip-Type Hetero-Core Fiber Optic Magnetic Field Sensor Using Magnetic Fluid,"Hayato Hanada1, Takaaki Abe1, Deepro Banerjee1, and Michiko Nishiyama1","Hayato Hanada, Takaaki Abe, Deepro Banerjee, Michiko Nishiyama",v7_pdf_cleaned,yes
0331,Feasibility Study of Wind Compensation for MEMS Cantilever-Based Wave Height Sensors,"Kako Koeda1, Takuto Kishimoto1, Kyota Shimada1, Ryusei Ando1 and Hidetoshi Takahashi1","Kako Koeda, Takuto Kishimoto, Kyota Shimada, Ryusei Ando, Hidetoshi Takahashi",v7_pdf_cleaned,yes
0342,Soft Microfinger Robot for Bilateral Head Stimulation and Reaction-Force Analysis in Zebrafish Larvae,"T. Nakatsuka , H. Hirata2, M. Nagai3, and S. Konishi1,4","Tomohiro Nakatsuka, Hiromi Hirata, Moeto Nagai, Satoshi Konishi",v6_fallback_cleaned,yes
0410,Surface Plasmon Resonance Imaging Sensing technique for Multiplex Detection of Acute Respiratory Infection Viruses,"Yu-Shuo Yeh1, Hao-Lun Hung1, Han-Yun Hsieh2, Pei-Kuen Wei3, Yu-Jui Fan4, Horn-Jiunn Sheen1","Yu-Shuo Yeh, Hao-Lun Hung, Han-Yun Hsieh, Pei-Kuen Wei, Yu-Jui Fan, Horn-Jiunn Sheen",v7_pdf_cleaned,yes
0161,A TSV- and RDL-Free Infinite-Stacking 3D IC Packaging Platform with Integrated Thermoelectric and Microfluidic Thermal Management,"Meenakshi Ray , Chia-Kai Lin b,c,d, Yu-Lin Wang b,c,d *, Zong-Hong Lin a,b *","Meenakshi Ray, Chia-Kai Lin, Yu-Lin Wang, Zong-Hong Lin",v7_pdf_cleaned,yes
0334,Piezojunction Effect in n-3C-SiC/p-Si Heterojunction for Ultrasensitive Strain Sensing,"Tuan Sang Tran1,2, Thi Tra Giang Nguyen1, Muhammad Tamoor Ansar1,2, That Buu Ton1, Cuong Nguyen1, Thanh-An Truong1, Duc Khanh Tran1, Van Thanh Dau1, Dzung Viet Dao1,2","Tuan Sang Tran, Thi Tra Giang Nguyen, Muhammad Tamoor Ansar, That Buu Ton, Cuong Nguyen, Thanh-An Truong, Duc Khanh Tran, Van Thanh Dau, Dzung Viet Dao",v7_pdf_cleaned,yes
0352,Vertically Aligned Nanostructure-Based Biosensor for Serum Antibody Detection of Porcine Mycoplasma Arthritis and Septicemia,"Wei-Ni Lee 1 and Shu-Ping Lin 2, 3, *","Wei-Ni Lee, Shu-Ping Lin",v7_pdf_cleaned,yes
0354,Fabrication of Au/Ta2O5/AuNPs Hybrid Multilayer Hetero-Core Fiber Optic Refractive Index Sensor,"M. Nishiyama1, D. Banerjee1, H. Y. Chen2, S.P. Morgan2, and S. Korposh2","Michiko Nishiyama, Deepro Banerjee, YiHsuan Chen, Steve Morgan, Sergiy Korposh",v6_fallback_cleaned,yes
0392,Nanobrush-Based Electrical Biosensors for Rapid Diagnosis and Stage Differentiation of Neurodegenerative Diseases in Blood Plasma,"Yi-Nuo Huang 1, Ming-Hong Chang 2, Wei-Ju Lee 2, 3, and Shu-Ping Lin 4, 5, *","Yi-Nuo Huang, Ming-Hong Chang, Wei-Ju Lee, Shu-Ping Lin",v7_pdf_cleaned,yes
0174,Integrated Voxel Modeling and Quality Prediction for Intelligent Path Planning in Ultrafast Laser 3D Direct Writing,"You-wei Lu, Po-Han Huang","You-wei Lu, Po-Han Huang",v7_pdf_cleaned,no
0328,Ag Coated Hetero-Core Fiber Optic Magnetic Field Sensor Using Oil Based Magnetic Fluid Containing 50 nm Fe3O4 Nanoparticles,"Kazuki Inoue, Takaaki Abe, Hayato Hanada, Deepro Banerjee, Michiko Nishiyama","Kazuki Inoue, Takaaki Abe, Hayato Hanada, Deepro Banerjee, Michiko Nishiyama",v7_pdf_cleaned,no
0383,Performance Validation of a Test Strip-Based Sensing Platform for Fecal Leukocyte Esterase Detection in IBD Monitoring,"Zu-Han Yang1, Dan-Ching Chang1,2, Ying-Ju Chen2, Tzu-Heng Wu5, Su-Yu Chu2,4, Shu-Chen Wei3, Chii-Wann Lin1,2","Zu-Han Yang, Dan-Ching Chang, Ying-Ju Chen, Tzu-Heng Wu, Su-Yu Chu, Shu-Chen Wei, Chii-Wann Lin",v7_pdf_cleaned,yes
0397,Fabrication and Ionic Current Characterization of a Gold Nanoparticle Dimer- Integrated Nanopore for SERS-Based DNA Analysis,"Y. Ogura1, M. Taguchi1, S. Yotsuzuka1, H. Honma1, K. Sugano1,2, and Y. Isono1","Yuta Ogura, Makoto Taguchi, Shintaro Yotsuzuka, Hiroaki Honma, Koji Sugano, Yoshitada Isono",v6_fallback_cleaned,yes
