pdf,reason
/home/tsai/YoshiNAS/Tasks/APCOT2026_Proceedings/APCOT_Abstract/0001.pdf,not present in scheduled HTML index
/home/tsai/YoshiNAS/Tasks/APCOT2026_Proceedings/APCOT_Abstract/0002.pdf,not present in scheduled HTML index
/home/tsai/YoshiNAS/Tasks/APCOT2026_Proceedings/APCOT_Abstract/0003.pdf,not present in scheduled HTML index
/home/tsai/YoshiNAS/Tasks/APCOT2026_Proceedings/APCOT_Abstract/0004.pdf,not present in scheduled HTML index
/home/tsai/YoshiNAS/Tasks/APCOT2026_Proceedings/APCOT_Abstract/0005.pdf,not present in scheduled HTML index
/home/tsai/YoshiNAS/Tasks/APCOT2026_Proceedings/APCOT_Abstract/0006.pdf,not present in scheduled HTML index
/home/tsai/YoshiNAS/Tasks/APCOT2026_Proceedings/APCOT_Abstract/0007.pdf,not present in scheduled HTML index
/home/tsai/YoshiNAS/Tasks/APCOT2026_Proceedings/APCOT_Abstract/0008.pdf,not present in scheduled HTML index
/home/tsai/YoshiNAS/Tasks/APCOT2026_Proceedings/APCOT_Abstract/0009.pdf,not present in scheduled HTML index
/home/tsai/YoshiNAS/Tasks/APCOT2026_Proceedings/APCOT_Abstract/0010.pdf,not present in scheduled HTML index
/home/tsai/YoshiNAS/Tasks/APCOT2026_Proceedings/APCOT_Abstract/0011.pdf,not present in scheduled HTML index
/home/tsai/YoshiNAS/Tasks/APCOT2026_Proceedings/APCOT_Abstract/0012.pdf,not present in scheduled HTML index
/home/tsai/YoshiNAS/Tasks/APCOT2026_Proceedings/APCOT_Abstract/0013.pdf,not present in scheduled HTML index
/home/tsai/YoshiNAS/Tasks/APCOT2026_Proceedings/APCOT_Abstract/0014.pdf,not present in scheduled HTML index
/home/tsai/YoshiNAS/Tasks/APCOT2026_Proceedings/APCOT_Abstract/0015.pdf,not present in scheduled HTML index
/home/tsai/YoshiNAS/Tasks/APCOT2026_Proceedings/APCOT_Abstract/0016.pdf,not present in scheduled HTML index
/home/tsai/YoshiNAS/Tasks/APCOT2026_Proceedings/APCOT_Abstract/0017.pdf,not present in scheduled HTML index
/home/tsai/YoshiNAS/Tasks/APCOT2026_Proceedings/APCOT_Abstract/0018.pdf,not present in scheduled HTML index
/home/tsai/YoshiNAS/Tasks/APCOT2026_Proceedings/APCOT_Abstract/0019.pdf,not present in scheduled HTML index
/home/tsai/YoshiNAS/Tasks/APCOT2026_Proceedings/APCOT_Abstract/0020.pdf,not present in scheduled HTML index
/home/tsai/YoshiNAS/Tasks/APCOT2026_Proceedings/APCOT_Abstract/0021.pdf,not present in scheduled HTML index
/home/tsai/YoshiNAS/Tasks/APCOT2026_Proceedings/APCOT_Abstract/0022.pdf,not present in scheduled HTML index
/home/tsai/YoshiNAS/Tasks/APCOT2026_Proceedings/APCOT_Abstract/0023.pdf,not present in scheduled HTML index
/home/tsai/YoshiNAS/Tasks/APCOT2026_Proceedings/APCOT_Abstract/0024.pdf,not present in scheduled HTML index
/home/tsai/YoshiNAS/Tasks/APCOT2026_Proceedings/APCOT_Abstract/0025.pdf,not present in scheduled HTML index
/home/tsai/YoshiNAS/Tasks/APCOT2026_Proceedings/APCOT_Abstract/0026.pdf,not present in scheduled HTML index
/home/tsai/YoshiNAS/Tasks/APCOT2026_Proceedings/APCOT_Abstract/0027.pdf,not present in scheduled HTML index
/home/tsai/YoshiNAS/Tasks/APCOT2026_Proceedings/APCOT_Abstract/0028.pdf,not present in scheduled HTML index
/home/tsai/YoshiNAS/Tasks/APCOT2026_Proceedings/APCOT_Abstract/0029.pdf,not present in scheduled HTML index
/home/tsai/YoshiNAS/Tasks/APCOT2026_Proceedings/APCOT_Abstract/0030.pdf,not present in scheduled HTML index
/home/tsai/YoshiNAS/Tasks/APCOT2026_Proceedings/APCOT_Abstract/0031.pdf,not present in scheduled HTML index
/home/tsai/YoshiNAS/Tasks/APCOT2026_Proceedings/APCOT_Abstract/0032.pdf,not present in scheduled HTML index
/home/tsai/YoshiNAS/Tasks/APCOT2026_Proceedings/APCOT_Abstract/0033.pdf,not present in scheduled HTML index
/home/tsai/YoshiNAS/Tasks/APCOT2026_Proceedings/APCOT_Abstract/0034.pdf,not present in scheduled HTML index
/home/tsai/YoshiNAS/Tasks/APCOT2026_Proceedings/APCOT_Abstract/0035.pdf,not present in scheduled HTML index
/home/tsai/YoshiNAS/Tasks/APCOT2026_Proceedings/APCOT_Abstract/0036.pdf,not present in scheduled HTML index
/home/tsai/YoshiNAS/Tasks/APCOT2026_Proceedings/APCOT_Abstract/0037.pdf,not present in scheduled HTML index
/home/tsai/YoshiNAS/Tasks/APCOT2026_Proceedings/APCOT_Abstract/0038.pdf,not present in scheduled HTML index
/home/tsai/YoshiNAS/Tasks/APCOT2026_Proceedings/APCOT_Abstract/0039.pdf,not present in scheduled HTML index
/home/tsai/YoshiNAS/Tasks/APCOT2026_Proceedings/APCOT_Abstract/0040.pdf,not present in scheduled HTML index
/home/tsai/YoshiNAS/Tasks/APCOT2026_Proceedings/APCOT_Abstract/0041.pdf,not present in scheduled HTML index
/home/tsai/YoshiNAS/Tasks/APCOT2026_Proceedings/APCOT_Abstract/0042.pdf,not present in scheduled HTML index
/home/tsai/YoshiNAS/Tasks/APCOT2026_Proceedings/APCOT_Abstract/0043.pdf,not present in scheduled HTML index
/home/tsai/YoshiNAS/Tasks/APCOT2026_Proceedings/APCOT_Abstract/0044.pdf,not present in scheduled HTML index
/home/tsai/YoshiNAS/Tasks/APCOT2026_Proceedings/APCOT_Abstract/0045.pdf,not present in scheduled HTML index
/home/tsai/YoshiNAS/Tasks/APCOT2026_Proceedings/APCOT_Abstract/0046.pdf,not present in scheduled HTML index
/home/tsai/YoshiNAS/Tasks/APCOT2026_Proceedings/APCOT_Abstract/0047.pdf,not present in scheduled HTML index
/home/tsai/YoshiNAS/Tasks/APCOT2026_Proceedings/APCOT_Abstract/0048.pdf,not present in scheduled HTML index
/home/tsai/YoshiNAS/Tasks/APCOT2026_Proceedings/APCOT_Abstract/0049.pdf,not present in scheduled HTML index
/home/tsai/YoshiNAS/Tasks/APCOT2026_Proceedings/APCOT_Abstract/0050.pdf,not present in scheduled HTML index
/home/tsai/YoshiNAS/Tasks/APCOT2026_Proceedings/APCOT_Abstract/0051.pdf,not present in scheduled HTML index
/home/tsai/YoshiNAS/Tasks/APCOT2026_Proceedings/APCOT_Abstract/0052.pdf,not present in scheduled HTML index
/home/tsai/YoshiNAS/Tasks/APCOT2026_Proceedings/APCOT_Abstract/0053.pdf,not present in scheduled HTML index
/home/tsai/YoshiNAS/Tasks/APCOT2026_Proceedings/APCOT_Abstract/0054.pdf,not present in scheduled HTML index
/home/tsai/YoshiNAS/Tasks/APCOT2026_Proceedings/APCOT_Abstract/0055.pdf,not present in scheduled HTML index
/home/tsai/YoshiNAS/Tasks/APCOT2026_Proceedings/APCOT_Abstract/0056.pdf,not present in scheduled HTML index
/home/tsai/YoshiNAS/Tasks/APCOT2026_Proceedings/APCOT_Abstract/0057.pdf,not present in scheduled HTML index
/home/tsai/YoshiNAS/Tasks/APCOT2026_Proceedings/APCOT_Abstract/0058.pdf,not present in scheduled HTML index
/home/tsai/YoshiNAS/Tasks/APCOT2026_Proceedings/APCOT_Abstract/0059.pdf,not present in scheduled HTML index
/home/tsai/YoshiNAS/Tasks/APCOT2026_Proceedings/APCOT_Abstract/0060.pdf,not present in scheduled HTML index
/home/tsai/YoshiNAS/Tasks/APCOT2026_Proceedings/APCOT_Abstract/0061.pdf,not present in scheduled HTML index
/home/tsai/YoshiNAS/Tasks/APCOT2026_Proceedings/APCOT_Abstract/0062.pdf,not present in scheduled HTML index
/home/tsai/YoshiNAS/Tasks/APCOT2026_Proceedings/APCOT_Abstract/0063.pdf,not present in scheduled HTML index
/home/tsai/YoshiNAS/Tasks/APCOT2026_Proceedings/APCOT_Abstract/0064.pdf,not present in scheduled HTML index
/home/tsai/YoshiNAS/Tasks/APCOT2026_Proceedings/APCOT_Abstract/0065.pdf,not present in scheduled HTML index
/home/tsai/YoshiNAS/Tasks/APCOT2026_Proceedings/APCOT_Abstract/0066.pdf,not present in scheduled HTML index
/home/tsai/YoshiNAS/Tasks/APCOT2026_Proceedings/APCOT_Abstract/0067.pdf,not present in scheduled HTML index
/home/tsai/YoshiNAS/Tasks/APCOT2026_Proceedings/APCOT_Abstract/0068.pdf,not present in scheduled HTML index
/home/tsai/YoshiNAS/Tasks/APCOT2026_Proceedings/APCOT_Abstract/0069.pdf,not present in scheduled HTML index
/home/tsai/YoshiNAS/Tasks/APCOT2026_Proceedings/APCOT_Abstract/0070.pdf,not present in scheduled HTML index
/home/tsai/YoshiNAS/Tasks/APCOT2026_Proceedings/APCOT_Abstract/0071.pdf,not present in scheduled HTML index
/home/tsai/YoshiNAS/Tasks/APCOT2026_Proceedings/APCOT_Abstract/0072.pdf,not present in scheduled HTML index
/home/tsai/YoshiNAS/Tasks/APCOT2026_Proceedings/APCOT_Abstract/0073.pdf,not present in scheduled HTML index
/home/tsai/YoshiNAS/Tasks/APCOT2026_Proceedings/APCOT_Abstract/0074.pdf,not present in scheduled HTML index
/home/tsai/YoshiNAS/Tasks/APCOT2026_Proceedings/APCOT_Abstract/0075.pdf,not present in scheduled HTML index
/home/tsai/YoshiNAS/Tasks/APCOT2026_Proceedings/APCOT_Abstract/0100.pdf,not present in scheduled HTML index
/home/tsai/YoshiNAS/Tasks/APCOT2026_Proceedings/APCOT_Abstract/0106.pdf,not present in scheduled HTML index
/home/tsai/YoshiNAS/Tasks/APCOT2026_Proceedings/APCOT_Abstract/0107.pdf,not present in scheduled HTML index
/home/tsai/YoshiNAS/Tasks/APCOT2026_Proceedings/APCOT_Abstract/0111.pdf,not present in scheduled HTML index
/home/tsai/YoshiNAS/Tasks/APCOT2026_Proceedings/APCOT_Abstract/0114.pdf,not present in scheduled HTML index
/home/tsai/YoshiNAS/Tasks/APCOT2026_Proceedings/APCOT_Abstract/0115.pdf,not present in scheduled HTML index
/home/tsai/YoshiNAS/Tasks/APCOT2026_Proceedings/APCOT_Abstract/0125.pdf,not present in scheduled HTML index
/home/tsai/YoshiNAS/Tasks/APCOT2026_Proceedings/APCOT_Abstract/0146.pdf,not present in scheduled HTML index
/home/tsai/YoshiNAS/Tasks/APCOT2026_Proceedings/APCOT_Abstract/0160.pdf,not present in scheduled HTML index
/home/tsai/YoshiNAS/Tasks/APCOT2026_Proceedings/APCOT_Abstract/0169.pdf,not present in scheduled HTML index
/home/tsai/YoshiNAS/Tasks/APCOT2026_Proceedings/APCOT_Abstract/0170.pdf,not present in scheduled HTML index
/home/tsai/YoshiNAS/Tasks/APCOT2026_Proceedings/APCOT_Abstract/0210.pdf,not present in scheduled HTML index
/home/tsai/YoshiNAS/Tasks/APCOT2026_Proceedings/APCOT_Abstract/0216.pdf,not present in scheduled HTML index
/home/tsai/YoshiNAS/Tasks/APCOT2026_Proceedings/APCOT_Abstract/0231.pdf,not present in scheduled HTML index
/home/tsai/YoshiNAS/Tasks/APCOT2026_Proceedings/APCOT_Abstract/0239.pdf,not present in scheduled HTML index
/home/tsai/YoshiNAS/Tasks/APCOT2026_Proceedings/APCOT_Abstract/0249.pdf,not present in scheduled HTML index
/home/tsai/YoshiNAS/Tasks/APCOT2026_Proceedings/APCOT_Abstract/0251.pdf,not present in scheduled HTML index
/home/tsai/YoshiNAS/Tasks/APCOT2026_Proceedings/APCOT_Abstract/0266.pdf,not present in scheduled HTML index
/home/tsai/YoshiNAS/Tasks/APCOT2026_Proceedings/APCOT_Abstract/0268.pdf,not present in scheduled HTML index
/home/tsai/YoshiNAS/Tasks/APCOT2026_Proceedings/APCOT_Abstract/0275.pdf,not present in scheduled HTML index
/home/tsai/YoshiNAS/Tasks/APCOT2026_Proceedings/APCOT_Abstract/0297.pdf,not present in scheduled HTML index
/home/tsai/YoshiNAS/Tasks/APCOT2026_Proceedings/APCOT_Abstract/0304.pdf,not present in scheduled HTML index
/home/tsai/YoshiNAS/Tasks/APCOT2026_Proceedings/APCOT_Abstract/0308.pdf,not present in scheduled HTML index
/home/tsai/YoshiNAS/Tasks/APCOT2026_Proceedings/APCOT_Abstract/0332.pdf,not present in scheduled HTML index
/home/tsai/YoshiNAS/Tasks/APCOT2026_Proceedings/APCOT_Abstract/0345.pdf,not present in scheduled HTML index
/home/tsai/YoshiNAS/Tasks/APCOT2026_Proceedings/APCOT_Abstract/0375.pdf,not present in scheduled HTML index
/home/tsai/YoshiNAS/Tasks/APCOT2026_Proceedings/APCOT_Abstract/0376.pdf,not present in scheduled HTML index
/home/tsai/YoshiNAS/Tasks/APCOT2026_Proceedings/APCOT_Abstract/0389.pdf,not present in scheduled HTML index
/home/tsai/YoshiNAS/Tasks/APCOT2026_Proceedings/APCOT_Abstract/0399.pdf,not present in scheduled HTML index
/home/tsai/YoshiNAS/Tasks/APCOT2026_Proceedings/APCOT_Abstract/0401.pdf,not present in scheduled HTML index
/home/tsai/YoshiNAS/Tasks/APCOT2026_Proceedings/APCOT_Abstract/0417.pdf,not present in scheduled HTML index
/home/tsai/YoshiNAS/Tasks/APCOT2026_Proceedings/APCOT_Abstract/0421.pdf,not present in scheduled HTML index
/home/tsai/YoshiNAS/Tasks/APCOT2026_Proceedings/APCOT_Abstract/0427.pdf,not present in scheduled HTML index
/home/tsai/YoshiNAS/Tasks/APCOT2026_Proceedings/APCOT_Abstract/0428.pdf,not present in scheduled HTML index
/home/tsai/YoshiNAS/Tasks/APCOT2026_Proceedings/APCOT_Abstract/0429.pdf,not present in scheduled HTML index
/home/tsai/YoshiNAS/Tasks/APCOT2026_Proceedings/APCOT_Abstract/0448.pdf,not present in scheduled HTML index
/home/tsai/YoshiNAS/Tasks/APCOT2026_Proceedings/APCOT_Abstract/0449.pdf,not present in scheduled HTML index
/home/tsai/YoshiNAS/Tasks/APCOT2026_Proceedings/APCOT_Abstract/0453.pdf,not present in scheduled HTML index
/home/tsai/YoshiNAS/Tasks/APCOT2026_Proceedings/APCOT_Abstract/0456.pdf,not present in scheduled HTML index
