id,session_label,title,authors_manifest_v6,authors_v7,replaced
0101,"OR1-1C Material, Fabrication, and Packaging 1",Generative Artificial Intelligence for the Design of Green Piezoelectric Sensors in Healthcare Applications,"Ravindra Joshi [1, 2], Parag Parashar [1], Zong-Hong Lin [1, 2]","Ravindra Joshi a,b, Parag Parashar b, Zong-Hong Lin a,b *",yes
0102,Poster Session PO1,Biaxial Optical Cantilever by Using 2D Diffraction Grating and Sampling Moiré Method,"Soya Sato [1], Shiratori Toshihiro [1], Yuki Okamoto [2], Yusuke Takei [2], Hidetoshi Takahashi [1]","Soya Sato1,2, Toshihiro Shiratori1, Yuki Okamoto2, Yusuke Takei2 and Hidetoshi Takahashi1",yes
0103,Poster Session PO1,Facile Fabrication of Titanium Probes and Cantilevers via Electrolytic Etching,"Yuta Takano, Yizhi Qin, Kohei Ogiwara, Naoki Soma, Masayuki Sohgawa, Takashi Abe","Y.Takano, Y.QIN, K.Ogiwara, N.Soma, M.Sohgawa, and T.Abe",yes
0104,Poster Session PO1,Enhancement of Thermal Resistance and Thermal Capacity in CMOS-MEMS Airflow Sensing Hub for Fast Response and Energy Efficiency,"Ming-Hsuan Huang, Yu-Lin Hsu, Yuanyuan Huang, Yung-Chen Li, Mei-Feng Lai, Weileun Fang","Ming-Hsuan Huang , Yu-Lin Hsu , Yuanyuan Huang2, Yung-Chen Li1, Mei-Feng Lai1,2 and Weileun Fang1,2",yes
0105,OR1-1A Bio/Medical Sensors and MEMS/NEMS 1,Carboxymethyl Cellulose–Assisted ZnS@N/C–MWCNT Nanocomposite for Real-Time Dopamine Monitoring in PC-12 Cells,"Jitesh Laishram, Rajalakshmi Sakthivel, Ren-Jei Chung","Jitesh Laishram1, Rajalakshmi Sakthivel1 and Ren-Jei Chung2*",yes
0108,OR1-3E Bio/Medical Sensors and MEMS/NEMS 3,Sensitivity Enhancement of EGFET-Based AFP Detection via Localized Thermal Regulation using an Integrated Microheater,"Chia-Hsu Hsieh, Cheng-Chuan Chou, Heng Su, Zhen-Yu Chen, I-Yu Huang","C. H. Hsieh1, C. C. Chou1, H. Su2, Z. Y. Chen1 and I. Y. Huang1",yes
0109,Poster Session PO1,Development of Highly Sensitive Ethanol Sensing Using MEMS Technology,"Chia-Hsu Hsieh, Bo-Yan Liu, Ri-Pu Yang, Cheng-Chuan Chou","C. H. Hsieh1, B. Y. Liu1, R. P. Yang1 and C. C. Chou1",yes
0110,Poster Session PO1,High Performance and Long-Life Electrochemical Reference Electrode Fabricated with High-Density AgCl and AgBr Structure Transformation,"Bin-Wey Lu, Che-Hsin Lin",Bin-Wey Lu and Che-Hsin Lin,yes
0112,Poster Session PO2,Geometry-Induced Field Emission Characteristics in Planar Field Emission Triodes with Different Emitter Materials,"Ju-Hung Tsai, Wen-Teng Chang","Ju-Hung Tsai, Wen-Teng Chang",no
0113,OR2-1C Novel Application of MEMS/NEMS System 2,Delay Free and Mask Free Reservoir Computing Using CMOS-MEMS Vibro- Impact Resonator,"Nilabh Basu, Wei-Chang Li","Nilabh Basu1, and Wei-Chang Li1,2",yes
0116,OR1-1D Physical Sensors and MEMS/NEMS 1,Reduction of Thermo-Elastic Damping by a Virtual Spring Enabled with Electrostatically Implemented Positive Stiffness,"Wen-Hao Luo, Cong-Cong Li, Hao-Yi Wang, Zhen-Shuo Zhang","W. Luo1, C. Li1, H. Wang1, Z. Zhang1, M. Heller2, D. Nishinohara2, H. Hashimoto2, T. Fujita2, and T. Ikehashi1",yes
0117,Poster Session PO1,Detection Characteristics in Wide Range Gold Proof-Mass Single-Axis MEMS Capacitive Accelerometer and Its Application,"Chihaya Mukaide, Torauto Yamada, Tomoyuki Kurioka, Katsuyuki Machida, Chun-Yi Chen, Tso- Fu Mark Chang, Yoshihiro Miyake, Masato Sone, Hiroyuki Ito","C. Mukaide, T. Yamada, T. Kurioka, K. Machida, C. Chen, T. M. Chang, Y. Miyake, M. Sone, and H. Ito",yes
0119,Poster Session PO3,Design and Implementation of Piezoelectric MEMS Audio Transducer with Parylene for Acoustic Performance Improvement,"Zih-Song Hu, Yu-Chen Chen, Weileun Fang","Zih-Song Hu1, Yu-Chen Chen2 and Weileun Fang1,2,3",yes
0120,"OR3-1B Theory, Design and Simulation",Comparative Analysis of Switching Performance and Power Loss in E-Mode GaN HEMTs with different Clamp Topologies Using Double Pulse Testing,"Susmita Mistri, Hao-Chung Kuo","Susmita Mistri1*, Hao Chung Kuo 1,2",yes
0121,Poster Session PO1,Luminance-Induced Acceleration of Degradation in Green Quantum Dot Color Conversion Layers,"Chen-En Tsai, Yu-Xiang Sun, Yu-Cheng Lin, Cheng-Han Lee, Chun-Yu Li","Yu-Xiang Sun, Chen-En Tsai, Yu-Cheng Lin, Cheng-Han Lee, and Chun-Yu Li",yes
0122,"OR3-1B Theory, Design and Simulation",Bandwidth Limits of Duty-Cycled CMOS-MEMS Gas Sensors: A Predictive Electro-Thermal Framework,"Andrius Šukys, Chien-Fu Chen","A. Šukys1 and C.-F. Chen1, 2, *",yes
0123,"OR1-1C Material, Fabrication, and Packaging 1",Kirigami-inspired 4D Printing,"Taiki Sugihara [1], Michinao Hashimoto [2], Eiji Iwase [1]","Taiki Sugihara [1], Michinao Hashimoto [2], Eiji Iwase [1]",no
0124,OR1-2C Optical MEMS 1,Silicon Subwavelength Grating Waveguides with High Flexibility and Low Bending Loss toward Terahertz Photonic Integrated Circuits,"Kohei Chiba, Yoshiaki Kanamori",K. Chiba1 and Y. Kanamori1,yes
0126,"OR1-1C Material, Fabrication, and Packaging 1",From Metal to Polymer: Table-tilting type 5-Axis Micromilling Strategies for 3D Microfluidic Device Fabrication,"Chia-Wen Tsao, Yuan Kuan Chen, Yong-Qi Zhao","C.W. Tsao1, C. Y. Kuan1, and Y.Q. Zhao1",yes
0127,Poster Session PO1,Wireless QCR Sensor with Electrodeless Electrical Feedthrough Utilizing a High-Dielectric Crystal Substrate,"Tamon Yamanaka, Haruki Inaba, Sota Deto, Masayuki Sohgawa, Takashi Abe","T.Yamanaka, H.Inaba, S.Deto, M.Sohgawa, and T. Abe",yes
0128,OR1-3C Novel Application of MEMS/NEMS Systems 1,Self-Powered Bioinspired Octopus Suckers for Underwater Object Recognition and Tactile Sensing,"Feng-Chi Pai, Yi-Tsung Su, Lung-Hao Hu, Ching-Te Kuo","Feng-Chi Pai, Yi-Tsung Su, Lung-Hao Hu, and Ching-Te Kuo",yes
0129,Poster Session PO2,SAR-Controlled Digital Offset Calibration for CMOS MEMS Capacitive Accelerometer Readouts,"Chin-Te Hsin [1], Yi Feng [2], Chia-Ling Wei [2], Cheng-Yang Chang [1], Sheng-Hsiang Tseng [1]","C. T. Hsin1, Y. Feng2, C. L. Wei2, C. Y. Chang1, and S. H. Tseng1",yes
0130,OR1-1A Bio/Medical Sensors and MEMS/NEMS 1,Rapid Oral Cancer Screening via Salivary Exosomes Using a Shear-Horizontal Surface Acoustic Wave Biosensing Platform,"Dhrubajyoti Das [1], Hiromi Yatsuda [2], Wei-Fan Chiang [3], Tai-Shan Cheng [4], Chi-Ying F. Huang [4], Dar-Bin Shieh [5], Han-Sheng Chuang [1]","Dhrubajyoti Das1 , Hiromi Yatsuda 2,3 , Wei-Fan Chiang4, Tai-Shan Cheng5 , Chi-Ying F. Huang5 , Dar-Bin Shieh 6 , Han-Sheng Chuang1,7,*",yes
0131,OR1-1A Bio/Medical Sensors and MEMS/NEMS 1,Food-Based Isotropic Edible Wireless Sensor for Gastrointestinal Monitoring,"Ryosuke Matsuda [1], Kentaro Tomita [1], Shion Miura [1], Michiyuki Satoh [1], Tetsuo Kan [2], Hiroaki Onoe [1]","R. Matsuda1, K.Tomita1, S. Miura1, M. Satoh1, T. Kan2 and H. Onoe1",yes
0132,OR1-1D Physical Sensors and MEMS/NEMS 1,Collapse-mode based CMOS-MEMS CMUT through atomic layer deposition process,"Hsu-Chung Chen, Sheng-Shian Li","Hsu-Chung Chen1, Sheng-Shian Li1",yes
0133,OR1-1D Physical Sensors and MEMS/NEMS 1,Novel high-order mode PMUTs in liquid for time-of-flight applications,"Ching-Hsin Hsu, Sheng-Shian Li",Ching-Hsin Hsu1 and Sheng-Shian Li1,yes
0134,Poster Session PO1,On-Chip Calorimetric Thermal Flow-Rate Sensor Using FEP Thin-Film for Microfluidic System,"Yen-Hsi Chen, Zhong-Wei Lin, Kao-Mai Shen, Hiroyuki Fujita, Sheng-Shian Li, Kyojiro Morikawa, Takehiko Kitamori, Chihchen Chen","Yen-Hsi Chen1, Zhong-Wei Lin1, Kao-Mai Shen1, Hiroyuki Fujita1,2, Sheng-Shian Li1, Kyojiro Morikawa1,3,4, Takehiko Kitamori1,4,5, Chihchen Chen1",yes
0135,Poster Session PO3,Design and Optimization of Thermal Management for Thin-Film Heating in Microfluidic Systems,"Ping Jui Wu, Kyojiro Morikawa, Takehiko Kitamori, Chihchen Chen","PingJui Wu , Kyojiro Morikawa , Takehiko Kitamori1,3,4, Chihchen Chen1",yes
0137,Poster Session PO1,Development of an Innovative Nanocomposite Electrochemical Biosensor for Monitoring Immune Cytokines Associated with PD-L1 Exosome–Mediated Immunoregulation,"Wei-Zhe Jian, Yi-Kuang Yen","Wei-Zhe Jian1 , and Yi-Kuang Yen2",yes
0138,Poster Session PO1,A Portable Graphene/ZnO Nanocomposite Paper-Based Chemiresistive Sensor for Lead Ion Detection,"Yi-En Yang, Yi-Kuang Yen","Yi-En Yang1 , and Yi-Kuang Yen2",yes
0139,Poster Session PO1,Non-Enzymatic Electrochemical Detection of Uric Acid Using a Molecularly Imprinted Polymer Electrode,"Hironaga Kawai, Daigo Saito, Hiroyuki Kudo","Hironaga Kawai1, Daigo Saito2, and Hiroyuki Kudo2",yes
0140,"OR1-1C Material, Fabrication, and Packaging 1",Development of Soft Microgripper Arrays Using Photothermally Driven Hydrogels,"Shogo Oishi, Shoma Miura, Shusuke Iwano, Yuta Sato, Masaru Mukai, Kazutoshi Iijima, Shoji Maruo","S. Oishi1, S. Miura1, S. Iwano1, Y. Sato1, M. Mukai2, K. Iijima2 and S. Maruo2",yes
0141,Poster Session PO1,Enhancement of CMOS-MEMS Fringe-Field Capacitive Humidity Sensor Sensitivity via Electrode Design,"Yu Lin Hsu, Yung Chen Li, Yuan Yuan Huang, Weileun Fang","Y. L. Hsu1, Y. C. Li2 , Y. Y. Huang1, and W. L. Fang1 2",yes
0142,OR3-1A Micro/Nano Fluidics 2,Channel-Orientation-Controlled LCD 3D Printing of DIW Nozzles,"Naoto Sasaki [1], Koshi Hatano [1], Shunya Okamoto [1], Takayuki Shibata [1], Moeto Nagai [1], Michinao Hashimoto [2]","Naoto Sasaki1, Koshi Hatano1, Shunya Okamoto1, Takayuki Shibata1,",yes
0143,Poster Session PO1,CMOS-MEMS Thermoelectric IR Sensor with SHA absorber,"Yu-Nuo Liu, Zhi-Xuan Dai","Yu-Nuo Liu1, Zhi-Xuan Dai1*",yes
0144,OR1-1A Bio/Medical Sensors and MEMS/NEMS 1,Effect of Polarity on Single-cell Electroporation in a Microfluidic device with,"trapping orifice Kitipob Vijitnukoonpradit [1], Nitipong Panklang [2], Nisarut Phansiri [3], Boonchai Techaumnat [1]","K. Vijitnukoonpradit1, N. Panklang2, N. Phansiri3 and B. Techaumnat 1",yes
0145,OR1-1A Bio/Medical Sensors and MEMS/NEMS 1,Laser-Induced Biomimetic Micro-texturing for Oleophobic Surfaces,"Ren Goto, Masaki Yamaguchi",R. Goto and M. Yamaguchi,yes
0147,"OR3-1B Theory, Design and Simulation",Analytical Modeling of Serpentine Spring for Gold Proof-mass Single-axis MEMS Accelerometer,"Hisashi Takahata, Tomoyuki Kurioka, Torauto Yamada, Chihaya Mukaide, Katsuyuki Machida, Chang Tso-Fu Mark, Chen Chun-Yi, Yoshihiro Miyake, Hiroyuki Ito, Masato Sone","H. Takahata, T. Kurioka, T. Yamada, C. Mukaide, K. Machida, T. M. Chang, C. Chen, Y. Miyake, H. Ito, and M. Sone",yes
0148,OR1-1D Physical Sensors and MEMS/NEMS 1,Miniaturization of High-Sensitivity Gold Single-axis MEMS Accelerometer by Adjusting Spring Constant and Hole Size of Perforated Proof-mass,"Torauto Yamada, Chihaya Mukaide, Tomoyuki Kurioka, Katsuyuki Machida, Tso-Fu Mark Chang, Chun-Yi Chen, Yoshihiro Miyake, Masato Sone, Hiroyuki Ito","T. Yamada, C. Mukaide, T. Kurioka, K. Machida, T. M. Chang, C. Chen, Y. Miyake, M. Sone, and H. Ito",yes
0149,"OR1-1C Material, Fabrication, and Packaging 1",Immersion Laser Functional Thinning of Freestanding Metal Foils for MEMS Hot-Film Thermal Sensors,"Mohammad Nizar Mohammed Zukri [1], Muhammad Salman Al Farisi [1, 2], Yoshihiro Hasegawa [1], Mitsuhiro Shikida [1]","M. N. Mohamed Zukri1, M. S. Al Farisi1,2, Y. Hasegawa1 and M. Shikida1",yes
0150,OR3-2D Chemical/Bio/Medical Sensors and MEMS/NEMS,Omnidirectional Spiral Surface Acoustic Wave–Driven Rapid Immunofluorescence Intensification via Porous Hydrogel Microbeads,"Chun-Jui Chen [1], Wei Hsiang Chou [1], Jaesung Kwon [2], Han-Sheng Chuang [1]","Chun-Jui Chen1, a, Wei Hsiang Chou 1, b, Jaesung Kwon 2, c, Han-Sheng Chuang1, *",yes
0151,Poster Session PO1,Novel MIM Thin-Film Ultraviolet Sensor,"You-Jun Luo, I-Nan Chang","You-Jun Luo, I-Nan Chang",no
0152,"OR3-2B Data Processing, AI, and Novel Application",Prognostic Value of Circulating Hybrid Cells and P-score in Colorectal Cancer: An Analysis via HD-SACA System,"Hsiang-Wei Liu [1], Po-Cheng Liu [1], Jie-Yu Liu [1], Chun-Chi Lin [2], Fan-Gang Tseng [1]","Hsiang-Wei Liu1, Po-Cheng Liu1, Jie-Yu Liu1 , Chun-Chi Lin2 , Fan-Gang Tseng*1,3",yes
0153,OR1-1E Chemical Sensors and MEMS/NEMS 1,Development of a Micro Gas Sensor with a Suspended Micro Heater for Nitrogen Dioxide Detection,"Chia-Hsu Hsieh, Cheng-Chuan Chou, Hao-Hsuan Hung, Ya-Han Lin, Wei-Chieh Sun, Ping-Ju Wang, Chuan-Chun Liu, Yao-Ching Fang, I-Yu Huang","Chia-Hsu Hsieh1, Cheng-Chuan Chou1, Hao-Hsuan Hung2, Ya-Han Lin2, Wei-Chieh Sun2, Ping-Ju Wang2, Chuan-Chun Liu2, Yao-Ching Fang2 and I-Yu Huang1",yes
0154,Poster Session PO2,A High-Frequency Piezoelectric MEMS Mode-Matched Gyroscope Based on Automatic Gain Control and Phase Compensation,"Zi-Yi Yu, Sheng-Shian Li","Zi-Yi Yu1 and Sheng-Shian Li1,2",yes
0155,OR1-1E Chemical Sensors and MEMS/NEMS 1,Ultralow-Power Hydrogen Detection Using Gate-All-Around PtNP-decorated Suspended Silicon Nanobelt Gas Sensors,"Po-Chien Kung, Jeng-Tzong Sheu","Po-Chien Kung1 and Jeng-Tzong Sheu1,2*",yes
0156,OR1-2A Energy and Power and MEMS/NEMS,SOI-based MEMS Vibrational Energy Harvester using Self-Assembled Electrets,"Shuma Kawamura [1], Yuichiro Sunagawa [1], Hiroki Naruo [1], Satoshi Maruyama [2], Yuya Tanaka [3], Daisuke Yamane [1]","Shuma Kawamura1, Yuichiro Sunagawa1, Hiroki Naruo2, Satoshi Maruyama3, Yuya Tanaka4, and Daisuke Yamane1,2,5",yes
0157,"OR3-2C Materials, Fabrication and Packaging 3",Nanoscale 3D Printing of Selectively Silicon-Nanocrystal-Functionalized Silica Glass Structures,"Chao-Yuan Tan, Po-Han Huang","Chao-Yuan Tan, Po-Han Huang",no
0158,"OR3-3A Materials, Fabrication and Packaging 4",Flexible MEMS Thermal Sensor Using Cost-Effective Metallization: Cu,"Muhammad Salman Al Farisi [1, 2], Rintaro Aso [1], Yoshihiro Hasegawa [1], Mitsuhiro Shikida [1]","M. S. Al Farisi1,2, R. Aso1, Y. Hasegawa1, and M. Shikida1",yes
0159,Poster Session PO1,Copper Ion Sensing Based on the Principle of LSPR using Au@AgNPs-Go,"Fei-Li Cheng, Chun-Yu Li","Fei-Li Cheng, and Chun-Yu Li",yes
0161,"OR3-3A Materials, Fabrication and Packaging 4",A TSV- and RDL-Free Infinite-Stacking 3D IC Packaging Platform with Integrated Thermoelectric and Microfluidic Thermal Management,"Meenakshi Ray [1, 2], Chia-Kai Lin [2], Yu-Lin Wang [2], Zong-Hong Lin [1, 2]","Meenakshi Ray , Chia-Kai Lin b,c,d, Yu-Lin Wang b,c,d *, Zong-Hong Lin a,b *",yes
0162,Poster Session PO3,Bias Magnetic Field Dependence and Magnetostrictive Constant for MEMS Magnetostrictive Vibration Energy Harvesters Using Fe-Based Nanocrystalline Soft-Magnetostrictive Films,"Tatsuya Sakamoto, Kohya Sano, Chiemi Oka, Junpei Sakurai, Seiichi Hata","T. Sakamoto1, K. Sano1, C. Oka1, J. Sakurai1,and S. Hata1",yes
0163,Poster Session PO1,Biodegradable MXene-Bamboo Cellulose Paper Electrodes Enabling Green Wearable Transducers and EMG-Driven Exoskeleton Control,"Tung-Li Hung [1], Chia-Hao Kuo [2], Pulikkutty Subramaniyan [2], Shan-Chu Yu [1], Tzu-En Lin [2]","Tung-Li Hung1, Chia-Hao Kuo2, Pulikkutty Subramaniyan2, Shan-Chu Yu1, and Tzu-En Lin2*",yes
0164,Poster Session PO2,Sustainable MXene–Cellulose Aerogel Pressure Sensors Enabled by Solvent- Free Gradient Freezing for Wearable Human–Machine Interfaces,"Ching-Jung Chang [1], Zhe-Yu Liu [1], Kuan-Lin Tseng [1], Pulikkutty Subramaniyan [1], Shan- Chu Yu [2], Akhil Kavanal Paulose [1], Tzu-En Lin [1]","Ching-Jung Chang1, Zhe-Yu Liu1, Kuan-Lin Tseng1, Pulikkutty Subramaniyan1, Shan-Chu Yu2, Akhil K. Paulose1, Tzu-En Lin1*",yes
0165,"OR3-2B Data Processing, AI, and Novel Application",Micro-Volume Viscosity Measurement by Janus Particle-Based Rotational Diffusometry Combining Deep Learning,"Soumyajit Podder [1], Tatsuhito Hasegawa [2], Han-Sheng Chuang [1]","Soumyajit Podder1, Tatsuhito Hasegawa2, and Han-Sheng Chuang1",yes
0166,Poster Session PO2,Triboiontronics Based on Metal-Dielectric Hybrid Surfaces,"Simran Sharma, Tzu-En Lin, Zong-Hong Lin","Simran Sharma1,2, Tzu-En Lin1*, and Zong-Hong Lin2*",yes
0167,Poster Session PO2,System-Level Electro-Mechanical Modeling for Noise-Induced Bias Instability Prediction in MEMS Gyroscopes,"Lyu-Ran Wang, Man-Ching Huang, Chien-Ching Ho, Jen-Chieh Li, Chung-Yang Sue","Lyu-Ran Wang, Man-Ching Huang, Chien-Ching Ho, Jen-Chieh Li and Chung-Yang Sue",yes
0168,Poster Session PO3,Effects of a CaCO₃ Scattering Layer and CDCA Co-Adsorbent on the Efficiency of TiO₂ Dye-Sensitized Solar Cells,"Bo Yu Huang, Chun-Yu Li","Bo-Yu Huang, and Chun-Yu Li",yes
0171,Poster Session PO1,Gold nanoparticles–modified graphene oxide for PH sensing,"Yu-Hsi Chang, Chun-Yu Li","Yu-Hsi Chang, Chun-Yu Li",no
0172,OR1-1E Chemical Sensors and MEMS/NEMS 1,Design of Copper Iron Prussian Blue Analogues Integrated with Graphene Quantum Dots for Nitrate Sensors,"Chieh Li [1], Jung-Hsin Jen [1], Pin-Hsuan Lin [2], Mia Rinawati [1], Kuan-Jung Chen [1], Min- Hsin Yeh [1]","Jing-Ju Ho , Chieh Li , Jung-Hsin Jen , Pin-Hsuan Lin2, Mia Rinawati1, Kuan-Jung Chen2, and Min-Hsin",yes
0173,Poster Session PO2,Magnetic Field Sensor Utilizing Bipolar Junction Transistor Characteristics,"Qing-Hua Shih, Zhi-Xuan Dai","Qing-Hua Shih1, Zhi-Xuan Dai 1*",yes
0174,"OR3-3A Materials, Fabrication and Packaging 4",Integrated Voxel Modeling and Quality Prediction for Intelligent Path Planning in Ultrafast Laser 3D Direct Writing,"You-Wei Lu, Po-Han Huang","You-wei Lu, Po-Han Huang",yes
0175,Poster Session PO1,Surface Modification of Nanofluidic Channels and Nano-Valve for Reversed- Phase fL Chromatography,"Wei-Jen Chien [1], Chihchen Chen [1], Yutaka Kazoe [2], Takehiko Kitamori [1, 3], Kyojiro Morikawa [1, 4]","Wei-Jen Chien , Chihchen Chen1, Yukata Kazoe2, Takehiko Kitamori1,3,4, Kyojiro Morikawa1,3,5",yes
0176,Poster Session PO2,"Resistance-Modulated BJT Magneto-Transistors with Enhanced Sensitivity, Reduced Noise","Bo-Hen Lee [1], Qing-Hua Shih [2], Ching-Liang Dai [2]","Bo-Hen Lee 1, Qing-Hua Shih 2, and Ching-Liang Dai3*",yes
0177,Poster Session PO2,Bipolar Ferroelectric Resonance Frequency Control for Multi-Frequency Measurement Using Piezoelectric MEMS Ultrasonic Sensors on Sensitivity- Enhancing Buckled Diaphragm Structures,"Kaoru Yamashita, Junpei Yamamoto","Kaoru Yamashita, Junpei Yamamoto",no
0178,Poster Session PO1,Non-Invasive Complex Dielectric Constant Sensing System for Real-Time Monitoring in Bioprocesses,"Shih Hua En [1], Liou Ya Fu [1], Chiang Yu Wei [1], Wu Kun Ta [2], Peng Sheng Yu [3], Lin Chii Wann [1]","Hua-En Shih1, Ya-Fu Liou1, Yu-Wei Chiang1, Kun-Ta Wu2, Sheng-Yu Peng3,4, Chii-Wann Lin1,5",yes
0179,OR1-1E Chemical Sensors and MEMS/NEMS 1,A Non-Contact CMOS Complex Dielectric Constant Sensor System with Tunable Operating Frequency for Chemical Analysis,"Min-Yen Hsieh [1], Jung-Cheng Liao [1], Ya-Fu Liou [1], Hua-En Shih [1], Yu-Wei Chiang [1], Sheng-Yu Peng [2], Chii-Wann Lin [1]","Min-Yen Hsieh1, Jung-Cheng Liao3, Ya-Fu Liou2, Hua-En Shih2, Yu-Wei Chiang2, Sheng-Yu Peng4 and Chii-Wann Lin1,2,3",yes
0180,Poster Session PO1,Clinical Evaluation of a Rapid Urine Uric Acid Biosensor with Readout Circuit for Early Detection of Arthritis,"Tzu Wei Chung [1], Wei Lun Yen [1], Bing Hong Chen [1], Yi Huan Chang [1], Yun Yu Hsieh [1], Wei Cheng Lin [1], Mei Ching Yu [2]","Tzu-Wei Chung 1, Wei-Lun Yen 1, Bing-Hong Chen 1, Yi-Huan Chang 1, Yun-Yu Hsieh 1, Wei-Cheng Lin1,2,3and Mei-Ching Yu3",yes
0181,"OR3-3A Materials, Fabrication and Packaging 4",Liquid Metal Powder–Enabled Conductive Networks for Multifunctional and Versatile Electronics,"Osman Gul, Inkyu Park","Osman Gul1, and Inkyu Park1",yes
0182,Poster Session PO2,Acoustic-Based Estimation of Lung Deposition in Dry Powder Inhalers,"Mou-Wei Chang [1], Chih-We Chiu [1], Wen-Jui Wu [2], Wei-Ren Ke [1], Chih-Hao Fan [3], Yu- Te Liao [1]","M.-W. Chang¹, C.-W. Chiu¹, W.-J. Wu², W.-R. Ke³, C.-H. Fan³, and Y.-T. Liao¹",yes
0183,OR3-1A Micro/Nano Fluidics 2,Rapid Impedimetric Detection of Vibrio harveyi Using Aptamer-Modified Magnetic Beads in a Capillary-Driven Microfluidic Device,"Avinash V Police Patil, Chia-Yu Hsieh, Ching-Chou Wu","Avinash V Police Patil1, Chia-Yu Hsieh2, and Ching-Chou Wu1,3,*",yes
0184,Poster Session PO1,Modification of Copper Nanowire for Antibiofouling Dissolved Oxygen Sensing Devices and High Sensitivity Nitrate Detection,"Brasstira Yuva wardhana [1], Chieh Li [1], Jing-Ju Ho [1], Jung-Hsin Jen [1], Pin-Hsuan Lin [2], Mia Rinawati [1], Kuan-Jung Chen [2], Min-Hsin Yeh [1]","Brasstira Yuva Wardhana1, Chieh Li1, Jing-Ju Ho1, Jung-Hsin Jen1, Pin-Hsuan Lin2, Mia Rinawati1, KuanJung Chen2, Min-Hsin Yeh1,3*",yes
0186,OR1-3C Novel Application of MEMS/NEMS Systems 1,Long-Term Stability of the Threshold Voltage of a MOS Structure with a Potassium Ion Electret,"Yoshitaka Ikeda [1], Masaya Iwanaga [1], Hiroaki Honma [1], Hiroshi Toshiyoshi [2], Akio Uesugi [1], Koji Sugano [1], Yoshitada Isono [1]","Yoshtaka Ikeda1, Masaya Iwanaga1, Hiroaki Honma1, Hiroshi Toshiyoshi2, Akio Uesugi1, Koji Sugano1, and Yoshitada Isono1",yes
0187,OR1-2A Energy and Power and MEMS/NEMS,Effect of Increasing Moving Mass on the Output of an Inside-out Type Vibrational Energy Harvester,"Shuntaro Miyazato [1], Hiroaki Honma [1], Hiroshi Toshiyoshi [2], Akio Uesugi [1], Koji Sugano [1], Yoshitada Isono [1]","Shuntaro Miyazato1, Hiroaki Honma1, Hiroshi Toshiyoshi2, Akio Uesugi1, Koji Sugano1 and Yoshitada Isono1",yes
0188,Poster Session PO1,Analysis of Aging Patterns and Mechanisms According to Temperature of BaTiO3 Multi-Layer Ceramic Capacitor,"Tae-Soo YEO, Wook Jo","Tae-Soo Yeo1, and Wook Jo1,*",yes
0189,OR1-2E Bio/Medical Sensors and MEMS/NEMS 2,Smartphone-Enabled Point-of-Care Creatinine Biosensor for Bovine Muscle Mass Monitoring in Dairy Farming,"Nikhil Mathew, Yao-Luo Lin, R.K. Rakesh Kumar, Cheng-Hsin Chuang","Nikhil Mathew, Yao-Luo Lin, and R.K. Rakesh Kumar, Cheng-Hsin Chuang",yes
0191,OR2-1C Novel Application of MEMS/NEMS System 2,An AlN-Based Differential Resonant Accelerometer for In-Sensor Physical Reservoir Computing,"Hsiang-Chun Hsiao, Zong-Xian Kuan, Yi Chiu","Hsiang-Chun Hsiao, Zong-Xian Kuan, and Yi Chiu",yes
0192,Poster Session PO1,Enhancing Transparency and Piezoelectric Property in Polycrystalline 0.4Pb(Mg1/3Nb2/3)O3–0.22PbZrO3-0.38PbTiO3 Ceramics through Compositional Engineering and Pressureless Sintering,"Yeon-Bee Han, DongHo Seo, Wook Jo","Yeon-Bee Han1, Dong Ho Seo1, and Wook Jo2",yes
0193,Poster Session PO2,Flexible Airflow Sensor Using Biodegradable PLLA/W Toward Transient Implant for Respiration Monitoring,"Ryusei Nakamura [1], Muhammad Salman Al Farisi [1, 2], Yoshihiro Hasegawa [1], Miyoko Matsushima [2], Tsutomu Kawabe [2], Mitsuhiro Shikida [1]","R. Nakamura1, M. S. Al Farisi1,2, Y. Hasegawa1, M. Matsushima3, T. Kawabe3, and M. Shikida1",yes
0194,Poster Session PO1,Laser Induced Graphene Thermal Airflow Sensor for Microcatheter Actuator Respiration Measurement Inside Lung Bronchioles,"Aoi Hirayama [1], Muhammad Salman Al Farisi [1, 2], Yoshihiro Hasegawa [1], Miyoko Matsushima [3], Tsutomu Kawabe [3], Mitsuhiro Shikida [1]","A. Hirayama1, M. S. Al Farisi1,2, Y. Hasegawa1, M. Matsushima3, T. Kawabe3, and M. Shikida1",yes
0195,Poster Session PO1,In Vitro Validation of a Balloon Catheter MEMS Flow Sensor System Using Body Temperature Regulated Respiratory Airflow,"Jun Yoshida [1], Muhammad Salman Al Farisi [1, 2], Yoshihiro Hasegawa [1], Miyoko Matsushima [3], Tsutomu Kawabe [3], Mitsuhiro Shikida [1]","J. Yoshida1, M. S. Al Farisi1,2, Y. Hasegawa1, M. Matsushima3, T. Kawabe3, and M. Shikida1",yes
0196,Poster Session PO2,High Sensitivity Tactile Sensor Using Laser Induced Graphene and Diaphgram Sensing Structure for Palpation During Catheterization,"Kaichi Sumiyoshi [1], Muhammad Salman Al Farisi [1, 2], Yoshihiro Hasegawa [1], Miyoko Matsushima [2], Tsutomu Kawabe [2], Mitsuhiro Shikida [1]","K. Sumiyoshi1, M. S. Al Farisi1,2, Y. Hasegawa1, M. Matsushima3, T. Kawabe3, and M. Shikida1",yes
0197,OR1-2C Optical MEMS 1,Optically Pumped GeSn Ridge Waveguide Lasers for Silicon Photonics,"Radhika Bansal, Guo-En Chang","R. Bansal1, and G. E. Chang2",yes
0198,Poster Session PO1,Scattered-Light-Based Optofluidic Waveguide Sensor for High-Resolution Biomedical Sensing,"Devesh Barshilia [1], Guo-En Chang [2]","D. Barshilia1, and G. E. Chang2",yes
0199,Poster Session PO2,Cost-Effective Hetero-Core Fiber Optic Refractive Index Sensor using Titanium Dioxide Nanoparticles/Poly-L-lysine Multilayers,"Masahiko Kuroiwa, Kodai Kikuchi, Michiko Nishiyama, Kazuhiro Watanabe, Junichi Ida","M. Kuroiwa1, K Kikuchi1, M. Nishiyama1, K. Watanabe1, and J. Ida1",yes
0200,OR1-2E Bio/Medical Sensors and MEMS/NEMS 2,"Proposal and demonstration of Multi-Chip Ion Imaging Device Enabling Measurement of Chemical Information over a Wide Area Otono Uchizono, Toshiki Kitamura, Yasuyuki Kimura, Takeshi Hizawa, Daisuke Akai, Yoshiko","Noda, Hideo Doi, Tomoko Horio, Yong-Joon Choi, Kazuhiro Takahashi, Toshihiko Noda, Kazuaki Sawada","O. Uchizono, T. Kitamura, Y. Kimura, T. Hizawa, D. Akai, Y. Noda, H. Doi, T. Horio, Yong-Joon Choi,",yes
0201,OR1-2E Bio/Medical Sensors and MEMS/NEMS 2,"Enhanced Suppression of Non-Specific Adsorption of Graphene Oxide-Based Resonant Sensor for Label-Free Virus Sensing Viet Khoa Pham [1], Laoyang Yiayee [1], Homare Yoshida [1], Sachiko Sakai [1], Ippei Akita [2],","Yuki Imaizumi [3], Tatsuro Goda [3], Ik-Hyun Kwon [1], Yong-Joon Choi [1], Toshihiko Noda [1], Kazuaki Sawada [1], Kazuhiro Takahashi [1]","I.-H. Kwon1, Y.-J. Choi1, T. Noda1, K. Sawada1, and K. Takahashi1",yes
0202,OR1-2E Bio/Medical Sensors and MEMS/NEMS 2,Development of a Modular Multi-Organ-on-Chip Platform for Drug Screening Applications,"Jui-Wei Chen [1], Yi-Wun Ke [1], Yun-Jie Hao [1], Rou-Ya Zhao [1], Fan-Gang Tseng [1, 2]","Jui-Wei Chen1, Yi-Wun Ke1, Yun-Jie Hao1, Rou-Ya Zhao1, Fan-Gang Tseng1, 2,*",yes
0204,Poster Session PO1,Biofluorometric Acetone Sensor for Exhaled Breath Condensates and Its Evaluation,"Geng Zhang, Kenta Ichikawa, Kenta Iitani, Yoshikazu Nakajima, Kohji Mitsubayashi","Geng Zhang, Kenta Ichikawa, Kenta Iitani, Yoshikazu Nakajima, Kohji Mitsubayashi*",yes
0205,OR3-2E Bio/Medical Sensors and MEMS/NEMS 5,Application and Therapeutic Evaluation of Folic Acid–Modified Boric Acid– Poly(vinyl alcohol) Nanodrugs for Boron Neutron Capture Therapy of Pancreatic Cancer,"Chi-Heng Lee [1], Chu-Yi Tang [1], Fan-Gang Tseng [1, 2]","Chi-Heng. Lee1, Chu-Yi Tang 1, and Fan-Gang Tseng *1,2",yes
0206,Poster Session PO1,Development of CuNi-LDH/BTC/MWCNT Nanocomposite Non-enzymatic Electrochemical Sensor for Rapid Detection of Diphenylamine in Agricultural Products,"Chih-Fang Lai, Yu-Chi Wang, Ren-Jei Chung","Chih-Fang Lai, Yu-Chi Wang, Ren-Jei Chung*",yes
0207,OR1-1A Bio/Medical Sensors and MEMS/NEMS 1,Next-Generation Wearable Organic Electrochemical Transistor-based Bioelectronic Medicine Enabled by Conducting Polymers and Laser-Scribed Graphene,Yu-Sheng Hsiao,Y.-S. Hsiao,yes
0208,Poster Session PO2,Design and Performance Measurement of CMOS-MEMS Microbolometer Pixels,"Ruei-Cian Chu [1], Ashwini Kumari [1, 2], Pushpapraj Singh [2], Yi Chiu [1]","Ruei-Cian Chu1, Ashwini Kumari2,3, Pushpapraj Singh3, Yi Chiu1,2",yes
0209,Poster Session PO2,Fluorescent Nanoclusters Preparation Using Gold Nanoparticles-Supported Titanium Oxide Catalyst,"Z. Zhang, Qinzheng Lai, Hiromasa Yagyu, Mao Hamamoto","Z. Zhang1, Q. Lai1, M. Hamamoto2, and H. Yagyu1,2",yes
0211,Poster Session PO2,Electrostatic-driven Metal Nanostructures Transferred onto Electrospun Fibers for Wearable SERS-Based Point-of-Care Cortisol Diagnosis in Sweat,"Yegyu Lee, Ji-Hwan Ha","1 Yegyu Lee, 1 Ji-Hwan Ha *",yes
0212,"OR3-1C Materials, Fabrication and Packaging 2",Engineering Interconnected Porous Structures in Battery Electrodes via Controlled Particle Assembly,"Wongi Kim, H. Nam, Oh. B. Chae, Jongkyeong Lim","W. Kim1, H. Nam2, Oh. B. Chae2, J. Lim1",yes
0213,"OR3-1C Materials, Fabrication and Packaging 2",Fabrication of 3D Porous Sensors on Curved Surfaces Using Shear-Thinning Inks,"Minseong Kang, Jongkyeong Lim","M. Kang, J. Lim",yes
0214,OR1-1D Physical Sensors and MEMS/NEMS 1,A Monolithic CMOS-Search-Coil-Magnetometer Based Inductive Tracking Platform Using Magnetic Shunt Physics for Real-Time Object Localization and Material Identification,"Hadi Tavakkoli [1], Moaaz Ahmed [1], Amine Bermak [2], Yi-Kuen Lee [1]","Hadi Tavakkoli1, Moaaz Ahmed1, Amine Bermak2, and Yi-Kuen Lee1",yes
0215,Poster Session PO2,Spatially Controlled Electrospinning on Grounded 3D Metallic Microneedle Arrays for Precision Chronotherapeutic Delivery,"Jinho Jeong, Ji-Hwan Ha","Jinho Jeong1, Ji-Hwan Ha1*",yes
0217,"OR3-2C Materials, Fabrication and Packaging 3",Wet Bulk Micromachining of Borofloat Glass Wafers Using Ni Thin- Film/Photoresist Masks,"Vishal Sahu, Priyanka Dewangan, Prem Pal","Vishal Sahu*, Priyanka Dewangan, and Prem Pal",yes
0218,Poster Session PO1,Dual-Mode Sweat Urea Sensor Based on Ti3C2Tx MXene/CuO Nanocomposites with Integrated Colorimetric–Electrochemical Detection and Data-Driven Optimization,"Thidarut Laochai [1], Hirotomo Nishihara [2], Jiaqian Qin [1], Manunya Okhawilai [1], Joseph Wang [3], Nadnudda Rodthongkum [1], Wiwittawin Sukmas [1]","T. Laochai1, H. Nishihar2, J. Qin3, M. Okhawilaid4, J. Wang5, N. Rodthongkum6,7, W. Sukmas1, 7",yes
0219,OR3-2D Chemical/Bio/Medical Sensors and MEMS/NEMS,Hetero-Core Fiber Optic Localized Surface Plasmon Resonance Sensor for Evaluating the Concentration of Glucose in Aqueous Samples,"Deepro Banerjee, Michiko Nishiyama","D. Banerjee1, and M. Nishiyama1",yes
0220,Poster Session PO3,SAW Thermoacoustic Mach-Zehnder Phase Modulator for Physical Reservoir Computer,"Kotaro Nose, Taiki Ijima, Masaki Shimofuri, Jun Hirotani, Toshiyuki Tsuchiya","Kotaro Nose, Taiki Ijima, Masaki Shimofuri, Jun Hirotani, and Toshiyuki Tsuchiya",yes
0221,OR1-1E Chemical Sensors and MEMS/NEMS 1,Cleanroom-Free Monolithic PCB EGFET with Integrated Microchamber via Room-Temperature TiO₂ Deposition for Scalable pH Sensing,"Zongqin KE [1], Amine Bermak [2], Yi-Kuen Lee [1]","Zongqin KE1, Amine Bermak2, Yi-Kuen LEE1",yes
0223,OR2-1B Chemical Sensors and MEMS/NEMS 2,Influence of Sensing Film Properties on Inorganic Taste Sensor Response,"Tomoki Shinta, Hidekazu Uchida, Yuki Hasegawa","Tomoki Shinta, Hidekazu Uchida, and Yuki Hasegawa",yes
0224,Poster Session PO2,Sodium Chloride Aqueous Solution Concentration Measurement Using SAW Device,"Anjam Waheed [1], Yang Ye [1], Junaid Waheed [1], Tsunemasa Saiki [2], Satoshi Amaya [3], Riyanarto Sarno [4], Tadao Matsunaga [1], Sang-Seok Lee [1]","A. Waheed1, Y. Ye1, J. Waheed1, T. Saiki2, S. Amaya3, R. Sarno4, T. Matsunaga1 and S.-S. Lee1,4",yes
0225,Poster Session PO3,A Raman Spectroscopy–Based Signal Processing and Machine Learning Framework for Robust Circulating Tumor Cell Detection,"Jia-Ling Li [1], Hsien-Ting Chang [1], Wei-Wen Hu [1], I-Tsu Chyuan [2], Ming-Huang Chiu [2], Yu-Che Cheng [2], Chia-Wen Tsao [1, 2]","J. L. Li1, H. T. Chang1, W. W. Hu1, I. T. Chyuan2, M. H. Chiu2, Y. C. Cheng2 and C. W. Tsao1,2,*",yes
0226,Poster Session PO3,A Low-Noise Amplifier with Accurate Embedded Hybrid Time-Gain Compensation for Ultrasound Receiver Front-Ends,"Yu-Siang Chou [1], Chen-Hua Xu [1], Chih-Hsien Huang [2], Yu-Te Liao [1]","Y. S. Chou1, C. H. Xu1, C. H. Huang2, and Y. T. Liao1",yes
0227,OR3-1A Micro/Nano Fluidics 2,Microfluidic Platform for Non-Destructive Mechanical Characterization of Growing Roots Using Controlled Osmotic Loading,"Hirotaka Hida [1], Taiki Hamada [1], Shoyo Fukui [1], Isaku Kanno [1], Michitaka Notaguchi [2]","H. Hida1, T. Hamada1, S. Fukui1, I. Kanno1, and M. Notaguchi2",yes
0228,Poster Session PO2,Embryo Electroporation using Microfluidic Device with Double Orifices,"Nitipong Panklang [1], Boonchai Techaumnat [2], Theerawat Tharasanit [2]","N. Panklang1, B. Techaumnat2 and T. Tharasanit3",yes
0229,OR1-2C Optical MEMS 1,Sandwiched p-Si/PtSi/p-Si Mid-Infrared Photodetector for Efficient Hot-Career Collection at Room Temperature,"Satoshi Nishita [1], Ashenafi Abadi Elyas [1], Daiji Noda [2], Ryo Ohta [2], Tetsuo Kan [1]","Satoshi Nishita1, Ashenafi Abadi Elyas1, Daiji Noda2, Ryo Ohta2, and Tetsuo Kan1",yes
0230,Poster Session PO2,Monolithic Integration of Visible light Communication Chip with a GaN-based Y- branch S-bend Waveguide,"Huichi Hsieh, Yuwei Chen, Pingyen Tsai, Chengshiun Liou, Chingfu Tsou","H. Hsieh , Y. Chen , P. Tsai1, C. Liou1, and C. Tsou1",yes
0233,Poster Session PO3,Influence of Porous Transport Layer Pore Size on the Performance of Anion Exchange Membrane Water Electrolysis: Multiphysics Simulation Investigation,"Chih-Yen Kuo [1], Li-Yun Yeh [2], Yung-Liang Tung [2], Li-Da Chiu [1], Chih-Hung Chen [1], Jian- Zhang Chen [1]","Chih-Yen Kuo1, Li-Yun Yeh2, Yung-Liang Tung2, Li-Da Chiu3, Chih-Hung Chen 1,*,Jian-Zhang",yes
0234,Poster Session PO2,Suppression of DRIE-Induced Scalloping on Si{110} Wafers via Surfactant- Added TMAH Etching,"Priyanka Dewangan [1], Masaki Shimofuri [2], Toshiyuki Tsuchiya [2], Vishal Sahu [1], Yogesh Kumar Srivastava [1], Prem Pal [1]","Priyanka Dewangan1, Masaki Shimofuri2, Toshiyuki Tsuchiya2, Vishal Sahu1, Yogesh Kumar Srivastava1, and Prem Pal1",yes
0235,"OR3-1C Materials, Fabrication and Packaging 2","Tri-Layer Soft-Rigid Stretchable Substrates for Direct Fabrication Stretchable Electronics Device Shusuke Yamakoshi [1], Fumika Nakamura [1], Sho Sato [1], Yuji Isano [1], Yutaka Isoda [1],","Tamami Takano [1], Ryosuke Matsuda [1], Naoko Namba [2], Tsuyoshi Sekitani [2], Takafumi Uemura [2], Hiroki Ota [1]","Ryosuke Matsuda1, Naoko Namba3, Tsuyoshi Sekitani3,4, Takafumi Uemura3,5 and Hiroki Ota1,2,6",yes
0236,OR1-2C Optical MEMS 1,"Control of Strain Response in Modal-Interference-Based Plastic Optical Fiber Sensors via Double-Side Reactive Ion Etching Motoki Kochi [1], Koyo Shibuta [1], Keito Ishida [1], Yuri Wada [2], Taiki Kumagai [3], Keita","Kikuchi [2, 3], Shimbu Shirai [3], Cheng-Yao Lo [4], Heeyoung Lee [2], Yosuke Mizuno [3], Daisuke Yamane [1]","S. Shirai4, C.-Y. Lo5, H. Lee3, Y. Mizuno4, and D. Yamane1,2",yes
0237,OR1-3E Bio/Medical Sensors and MEMS/NEMS 3,"Deep-Brain Implantable Sensor for In Vivo Extracellular Chemical Sensing in the Brain Shogo Fukushima, Yuto Nakamura, Hiroshi Horiuchi, Yasuyuki Kimura, Hideo Doi, Takeshi","Hizawa, Yoshiko Noda, Tomoko Horio, Yong-Joon Choi, Kazuhiro Takahashi, Toshihiko Noda, Kazuaki Sawada","Hideo Doi, Takeshi Hizawa, Yoshiko Noda, Tomoko Horio, Yong-Joon Choi, Kazuhiro Takahashi, Toshihiko Noda, and Kazuaki Sawada",yes
0238,Poster Session PO2,Development of an Upcycled Sericin/Coronene/CMC Modified Paper Substrate for Dual Mode Colorimetric and LDI-MS Detection of Histamine as a Fish Freshness Indication,"Wisarttra Phamonpon [1], Juan P. Hinestroza [2], Nadnudda Rodthongkum [1]","Wisarttra Phamonpon1, Juan P. Hinestroza2, Nadnudda Rodthongkum1,3*",yes
0240,Poster Session PO1,Liquid Flow Enhancement through the Electro-Wetting in Graphene nanochannel,"Kuan Ting Chen, Jing Kai Huang","K. T. Chen¹, J. K. Huang¹",yes
0241,Poster Session PO2,Temperature Prediction of Tool Tips for CNC AISI 1050 Dry Milling Using Passive RFID Sensing Tags and Hybrid FEA-ML Framework,"Pang-Hsiang Hung, Hsuan-Yu Kao, Pei-Zen Chang, Wei-Chang Li","Pang-Hsiang Hung, Hsuan-Yu Kao, Pei-Zen Chang, and Wei-Chang Li*",yes
0242,OR1-3C Novel Application of MEMS/NEMS Systems 1,Automated System for Dispensing Solutes into Droplets with Common Concentration Difference,"Shinji Bono, Kei Arai, Satoshi Konishi","S. Bono1, K. Arai2, S. Konishi1, 2",yes
0243,OR1-3E Bio/Medical Sensors and MEMS/NEMS 3,Development of a Gold Screen-Printed Electrode-Based Electrochemical Impedance Immunosensor for Rapid Detection of SAA1 as an ARDS Biomarker,"Ting-Hao Chang [1], Yen-Wen Lu [1], Chao-Yuan Chang [2], Chun-Jen Huang [2], I-Lin Tsai [2]","T. H. Chang1, C. Y. Chang2, C. J. Huang2, I. L. Tsai3, Y. W. Lu 1",yes
0246,OR2-1D Optical MEMS 2,Filter-Free Optical Sensor for Centroid Wavelength Detection,"Ryoma Mibu, Yong-Joon Choi, Tomoya Ide, Yasuyuki Kimura, Yosiko Noda, Daisuke Akai, Takeshi Hizawa, Toshihiko Noda, Kazuhiro Takahashi, Kazuaki Sawada","R. Mibu, Y. J. Choi, T. Ide, Y. Kimura, Y. Noda, D. Akai, T. Hizawa, T. Noda, K. Takahashi, and K. Sawada",yes
0247,OR3-1E Self Organized 3 From Single-Cell Analysis to Biomimetic Systems,UiO-66 MOF-Integrated Microarrays for Multiplexed and High-Throughput Detection of Cancer Biomarkers,"Yi-Syuan Zeng, Hung-Wei Yang","Yi-Syuan Zeng, Hung-Wei Yang*",yes
0248,Poster Session PO3,Transdermal Microneedle Tyrosinase Sensor Based on Phenylboronic Acid- Modified Pt-mSiO₂ Nanorods for Early Melanoma Detection,"Chien-Pin Wang, Hung-Wei Yang",Chien-Pin Wang and Hung-Wei Yang*,yes
0252,"OR3-1B Theory, Design and Simulation",Design of a High Voltage MEMS Oscillator for Sensing and Computing Application,"En Yu Chen, Hao Chiao Hong, Yi Chiu","En Yu Chen, Hao-Chiao Hong, Yi Chiu",yes
0253,"OR3-2B Data Processing, AI, and Novel Application",Ring-width regulated Underfocus Real-Time Deformability Cytometry,"Qinru Xiao, Guangyao Cheng, Kuan Wen Luo, Yi-Ping Ho","Qinru XIAO1, Guangyao CHENG1, Kuan Wen Lou1, and Yi-Ping HO1",yes
0254,OR2-1E Bio/Medical Sensors and MEMS/NEMS 4,A Microfluidic Lab-on-a-Chip for Real-Time Stiffness Monitoring in Frozen Shoulder Model,"Shamshad Abdul, Kin Fong Lei","Abdul Shamshad 1 and Kin Fong Lei1,2",yes
0257,OR1-2D Physical Sensors and MEMS/NEMS 2,In-situ Interfacial Rheometry of Yield Stress Fluids via Soft MEMS Tactile Sensing: Bridging Tribology and Bulk Rheology,"Ryuga Sano, Akiyoshi Kusano, Takashi Abe, Akiomi Ushida, Masayuki Sohgawa","Ryuga Sano, Akiyoshi Kusano, Takashi Abe, Akiomi Ushida, Masayuki Sohgawa",no
0258,OR1-2D Physical Sensors and MEMS/NEMS 2,Sensitivity-Enhanced Monolithic CMOS-MEMS CMUT Receiver Front-End Using Low-Temperature ALD Alumina,"Tzu-Yun Huang, Chih-Yuan Hsiao, Ming-Huang Li","Tzu-Yun Huang1, Chih-Yuan Hsiao1, and Ming-Huang Li1 2",yes
0259,Poster Session PO2,Fabrication and Mechanical Evaluation of Multi-Stiffness Silicone Composites via Sequential Curing,"Ke-Yuan Wang, Che-Chin Chen ,Yu-Hsin Lin, Meng-Shiue Lee","Ke-Yuan Wang1, and Meng-Shiue Lee1,2,3",yes
0260,Poster Session PO2,Engineering PDMS Substrates with Designable Mechanical and Surface Properties for Organ-on-a-Chip Applications,"Kuan-Hsien Lai, Chien-Yen Chen, Meng-Shiue Lee","Kuan-Hsien Lai1, Chien-Yen Chen2, and Meng-Shiue Lee1,2,3",yes
0261,Poster Session PO2,Performance Enhancement of an All-Silicon Broadband Terahertz Half-Wave Plate via Structural Optimization,"Hidemasa Yamane [1], Yoshiharu Yamada [1], Yusuke Kondo [1], Masayuki Fujita [2], Shuichi Murakami","H. Yamane1, Y. Yamada1, Y. Kondo1, M. Fujita2, and S. Murakami1",yes
0262,OR3-1A Micro/Nano Fluidics 2,Flows Driven in Biomimetic Fluidic Device with Decoupled Features of Small Intestinal Tract,"Kazuki Komatsu [1], Satoru Kuriu [2], Naoyuki Yamamoto [3], Tadashi Ishida [1]","Kazuki Komatsu1, Satoru Kuriu2, Naoyuki Yamamoto3, and Tadashi Ishida4",yes
0263,OR1-2A Energy and Power and MEMS/NEMS,Piezoelectric Vibration Energy Harvester Based on Bilayer Lithium Niobate,"Wei-Bin Fan [1], Chih-Yuan Hsiao [1], Yu-Sian Lin [1], Zhi-Qiang Lee [1], Huei-Chun Zeng [2], Hung-Tsai Wu [2], Ming-Huang Li [1]","Wei-Bin Fan1, Chih-Yuan Hsiao1, Yu-Sian Lin1, Zhi-Qiang Lee1, Huei-Chun Zeng3, Hung-Tsai Wu3, and Ming-Huang Li1, 2",yes
0264,OR1-2D Physical Sensors and MEMS/NEMS 2,Damped Structure for Q control in CMOS-MEMS Beams,"Jhih-Wei Lin, Chun-Pu Tsai, Nilabh Basu, Wei-Chang Li","Jhih-Wei Lin, Chun-Pu Tsai, Nilabh Basu, and Wei-Chang Li",yes
0265,"OR1-1C Material, Fabrication, and Packaging 1",Topological Descriptor-Guided Machine Learning for Thermal Transport Design in Complex Inorganic Materials,"Yen-Ju Wu [1], Ming-Yuan Hung [2], Hong-Kang Tian [2], Yibin Xu [1]","Yen-Ju Wu , Ming-Yuan Hung2, Hong-Kang Tian2, and Yibin Xu1",yes
0267,Poster Session PO2,An EVS-Based Particle Tracking Approach for Low-Speed Water Flow Estimation in Biologging,"Takuma Shibahara, Takuto Kishimoto, Toshihiro Shiratori, Kyota Shimada, Ryusei Ando, Hidetoshi Takahashi","Takuma Shibahara, Takuto Kishimoto, Toshihiro Shiratori, Kyota Shimada, Ryusei Ando and Hidetoshi",yes
0269,OR3-3C Chemical Sensors and MEMS/NEMS 3,Laser-Induced Graphene Hybrid Sensor for Simultaneous Gas and Air flow Detection,"Kenta Murakami [1], Ryusei Ando [2], Rihachiro Nakashima [2], Yoshiyuki Kaiho [1], Yoshifumi Yoshida [1], Hidetoshi Takahashi [2]","Kenta Murakami1, Ryusei Ando2, Rihachiro Nakashima2, Yoshiyuki Kaiho1, Yoshifumi Yoshida1, and Hidetoshi Takahashi2",yes
0270,Poster Session PO3,A Solvent-Free Photoresist Transfer Approach for Micropattern Fabrication,"Na Yoon Kim [1], Kyeong Jun Park [1], Ho Hyun Keum [2], Hoe Joon Kim [1]","Na Yoon Kim1, 2, Kyeong Jun Park1, 2, Ho Hyun Keum2, and Hoe Joon Kim1",yes
0271,Poster Session PO3,Investigation of the Impact of Substrate Grating Structures on Contact Resistance in Graphene-based Field Effect Transistor,"Wei-Yu Long, Yan-Yi Lin, Min-Da Lin, Po-Han Shia, Chih-Ting Lin","Wei-Yu Long1*, Yan-Yi Lin 2, Po-Han Shia 2, and Chih-Ting Lin2",yes
0272,OR2-1A Actuator,Novel Electrothermal Actuators with Large In-plane Displacement and Force for MEMS-based Pitch-tunable Diffraction Grating,"Yen Nee Ho [1], Shan Lin [1], Aron Michael [1], Chee Yee Kwok [1], Cibby Pulikkaseril [2]","Y. N. Ho1, S. Lin1, A. Michael1, C. Y. Kwok1, and C. Pulikkaseril2",yes
0273,OR1-2D Physical Sensors and MEMS/NEMS 2,Bimodal Physical Sensor for Real-Time Quantitative Softness Evaluation in Epoxy Molding Compound Packaging,"Donghyun Lee, Jungwook Choi",D. H. Lee and J. W. Choi*,yes
0274,OR2-1D Optical MEMS 2,Spectrum Estimation Method for Reflectance Spectroscopy Using Filter-Free Wavelength Sensors and Multi-Wavelength LEDs,"Akinari Takaya, Yong-Joon Choi, Ik-Hyun Kwon, Yasuyuki Kimura, Toshihiko Noda, Kazuhiro Takahashi, Kazuaki Sawada","A. Takaya, Y. J. Choi, I. H. Kwon, Y. Kimura, T. Noda, K. Takahashi, and K. Sawada",yes
0276,Poster Session PO2,POI-MEMS Pressure Sensor with Integrated Beam-Membrane Structure,"Thi Tra Giang Nguyen [1, 2], Thanh An Truong [1], Huu Cuong Nguyen [1, 2], Thanh Cong Nguyen [1], Barry Kok [1], Van Thanh Dau [1], Dzung Viet Dao [1]","Thi Tra Giang Nguyen 1,2, Thanh An Truong1,3, Huu Cuong Nguyen1,2, Thanh Cong Nguyen1,4, Barry Kok1,4, Van Thanh Dau1, and Dzung Viet Dao1,3.",yes
0277,Poster Session PO3,Surface Zeta Potential and Time-Dependent Changes of Plasma-Activated Silicon Wafers for Direct Bonding,"Yukio Suzuki [1], Joji Kato [2], Yuta Karasumi [2], Tatsuya Matsumoto [1], Junxiao Shen [1], Shuji Tanaka [1]","Yukio Suzuki1, Joji Kato2, Yuta Karasumi2, Tatsuya Matsumoto1, Junxiao Shen1, Shuji Tanaka1",yes
0278,Poster Session PO1,Engineering Bilayer 2D MOF/Metallic MoS2 Nanofluidic Ion Channels Enabling Rectified Ion Transport for Ultrahigh Osmotic Energy Harvesting,"Fery Prasetyo, Li-Hsien Yeh","Fery Prasetyo1 and Li-Hsien Yeh1,2",yes
0279,OR3-2A Physical Sensors and MEMS/NEMS 4,Enhanced Sensitivity of Flexible Laser-Induced Graphene Pressure Sensors via Hilbert-Curve Patterning for Smart Fitness Applications,"Yu-Chun Lin [1], Yen-Wen Lu [1], Hsin-Fu Lin [1], Jason Tung Wu [2]","Y. C. Lin1, J. T. Wu3, H. F. Lin2, Y. W. Lu 1",yes
0280,Poster Session PO2,Evaluation of a Dual-Wavelength Imaging System for Multiple Volatiles Related to Alcohol Metabolism,"Jihu Lim, Rintaro Miura, Kenta Ichikawa, Kenta Iitani, Masashi Ikeuchi, Kohji Mitsubayashi","J. Lim, R. Miura, K. Ichikawa, K. Iitani, M. Ikeuchi, and K. Mitsubayashi",yes
0281,Poster Session PO2,An Integrated IoT Sensor Network for Geotechnical Early Warning,"Thanh An Truong [1], Thi Tra Giang Nguyen [1, 2], Thanh Cong Nguyen [1], Barry Kok [1], Van Thanh Dau [1], Dzung Viet Dao [1]","Thanh An Truong1,2, Thi Tra Giang Nguyen1,2, Cong Thanh Nguyen1,3, Barry Kok1,3, Van Thanh Dau1, Dzung Viet Dao1,2",yes
0282,Poster Session PO2,Dynamic Compression Device for Cultured Adipose Tissue,"Shu Saijo, Yuya Morimoto","Shu Saijo, Yuya Morimoto",no
0283,OR3-2D Chemical/Bio/Medical Sensors and MEMS/NEMS,Sensitivity of LSPR Sensor using Gold Nanotriangles Synthesized with Microfluidics,"Yifeng Xie, Mao Hamamoto, Hiromasa Yagyu","Y. Xie 1, M. Hamamoto 2, and H. Yagyu 1,2",yes
0284,OR1-1E Chemical Sensors and MEMS/NEMS 1,Evaluation of Hysteresis in Au/Ta₂O₅/Pd-based Hetero-core Optical Fiber Hydrogen Sensors,"Teruaki Yoshimoto [1], Ai Hosoki [2], Michiko Nishiyama [1]","T. Yoshimoto1, A. Hosoki2, and M. Nishiyama1",yes
0285,OR1-1B Acoustic and RF MEMS,Multi resonant metamaterial-based microwave sensor for soil monitoring,"Faisal Muhammad, Tetsuo Kan","Faisal Muhammad1, and Tetsuo Kan1",yes
0286,Poster Session PO2,"Integration of Glucose, Dissolved Oxygen, and Temperature Sensors into a Bioreactor Microfluidic System","Wen-Cheng Kuo, Wei-Jun Hsu, Liu-Fu Wu","Wen-Cheng Kuo*, Wei-Jun Hsu, and Liu-Fu Wu",yes
0287,Poster Session PO2,Electroanalytical Screening of Phenolic Preservatives in Commercial Foodstuffs Utilizing Lanthanum Nickelate and Graphene Nanosheets,"Hong-Xiang Lin [1], Parthasarathi Manimaran [1], Tse-Wei Chen [2], Bih-Show Lou [3], Shen Ming Chen [1]","Hong-Xiang Lina, Parthasarathi Manimarana, Tse-Wei Chenb,*, Bih-Show Louc,d,*, Shen Ming Chena,*",yes
0288,OR1-1B Acoustic and RF MEMS,CMOS-MEMS NDoF Tuned-Mass-Damper (TMD) Resonators for Multi- Frequency Applications,"Chiao-Jen Hsueh, Chun-Pu Tsai, Ting-Yi Chen","Chiao-Jen Hsueh, Chun-Pu Tsai, Ting-Yi Chen, and Wei-Chang Li",yes
0289,OR1-1B Acoustic and RF MEMS,Enhanced Frequency Tunability of CMOS-MEMS Comb-Driven Folded-Beam Resonators via Non-Uniform Comb Design,"Yi-Xiang Chen, Wei-Chang Li",Yi-Xiang Chen and Wei-Chang Li,yes
0290,OR3-3C Chemical Sensors and MEMS/NEMS 3,Response Evaluation of a Tip-Type Hetero-Core Fiber Optic Magnetic Field Sensor Using Magnetic Fluid,"Hayato Hanada, Takaaki Abe, Deepro Banerjee, Michiko Nishiyama","Hayato Hanada1, Takaaki Abe1, Deepro Banerjee1, and Michiko Nishiyama1",yes
0291,OR3-2A Physical Sensors and MEMS/NEMS 4,A SiC Thin-film Heat Flux Sensor with Microsecond Response for Extreme High Temperature Exposure Up To 1500 °C,"Yue Zhu [1, 2], Zhiwei Ye [1, 2], Ailun Yi [1], Zhongming Lu [1], Hong Zhou [1], Yi Wang [1], Xin Ou [1], Tie Li [1]","Y. Zhu1,2, Z. Ye1,2, A. Yi1, Z. Lu1, H. Zhou1, Y. Wang1, X. Ou1 and T. Li1",yes
0292,Poster Session PO3,Bridging LFP and Action Potential Representations for Learning-Based Closed- Loop Deep Brain Stimulation,"Jin-Rong Lai, Shun-Chao Yang, Chiang Jung, Chia-Hung Cho, Chii-Wann Lin","Jin-Rong Lai1, Shun-Chao Yang2, Chiang Jung2, Chia-Hung Cho2, Chii-Wann Lin1,2",yes
0293,Poster Session PO3,Enhancing Granularity Robustness in Acoustic Tool-Wear Classification for CNC Milling Using a CNN-Augmented Transformer,"Shang-Yu Lin, Po-Han Chen, Pang-Hsiang Hung, Pei-Zen Chang, Wei-Chang Li","Shang-Yu Lin, Po-Han Chen, Pang-Hsiang Hung, Pei-Zen Chang, and Wei-Chang Li*",yes
0294,OR3-1A Micro/Nano Fluidics 2,UV Laser-Enhanced Yield Improvement of Dinuclear Zn(II) Complexes in a Microfluidic Platform,"Daiki Tanaka [1], Masashi Kobayashi [1], Risa Fujita [1], Takashiro Akitsu [2], Takashi Tanii [1], Shuichi Shoji [1], Masahiro Furuya [1]","Daiki Tanaka1,2, Masashi Kobayashi1, Risa Fujita2, Takashiro Akitsu3, Takashi Tanii1,2, Shuichi Shoji2, and Masahiro Furuya1,2",yes
0295,OR2-1A Actuator,Piezoelectric Micromachined Transducers with Heterogeneous PZT/AlN Film Stacking by Atmospheric Pressure Atomic Diffusion Bonding,"Tianbo Wang, Andrea Vergara, Takehito Shimatsu, Shuji Tanaka","Tianbo Wang1, Andrea Vergara1, Takehito Shimatsu2 and Shuji Tanaka1",yes
0296,OR2-1E Bio/Medical Sensors and MEMS/NEMS 4,Electrical Crossover Frequency Detection for Single-Cell Characterization Using Microfluidic Impedance Sensing,"Nisarut Phansiri [1], Boonchai Techaumnat [2]",N. Phansiri1 and B. Techaumnat2,yes
0298,OR1-1B Acoustic and RF MEMS,Near Spurious-Free SH-SAW Resonators on LNOI Platform Via Propagation Angle Twisting and Tilted Electrode,"Yu-Sian Lin, Sung-Yuan Huang, Ya-Ching Yu, Zhi-Qiang Lee, Ming-Huang Li","Yu-Sian Lin1, Sung-Yuan Huang2, Ya-Ching Yu1, Zhi-Qiang Lee1, and Ming-Huang Li1, 2",yes
0299,Poster Session PO2,Development of an Amplification Free Microfluidic Aptamer Based Electrochemical Biosensor for Early Detection of Ovarian Cancer via MicroRNA Biomarkers,"Wendell Palaroan, Dharmatov Rahula Albano","Wendell. S. Palaroan1, Dharmatov. Rahula. B. Albano1,2,3",yes
0300,OR3-2A Physical Sensors and MEMS/NEMS 4,Roberval-Type Load Cell with a Directly Formed Piezoresistor by LASER Annealing,"Tatsuki Ono, Rihachiro Nakashima, Soya Sato, Masahiro Fukuta, Hidetoshi Takahashi","Tatsuki Ono1, Rihachiro Nakashima1, Soya Sato1, Masahiro Fukuta1 and Hidetoshi Takahashi1",yes
0301,Poster Session PO2,A Biomimetic Capacitive Tactile Sensor with a Tilted Cilia Array for Directional Shear Forces Sensing,"Eung Jun Kim [1], Hoe Joon Kim [1], Yoon Ji Yum [2]","Eung Jun Kim1, Yoon Ji Yum2, and Hoe Joon Kim1",yes
0302,Poster Session PO3,"Simultaneous Measurement System of MRI, Endoscopic RGB Imaging, and Mechanical Force for Biological Observation","Reki Mukasa, Tetsuji Dohi","Reki Mukasa1, and Tetsuji Dohi1",yes
0303,Poster Session PO2,High-Stability Sodium-Selective EGISFET with Optimized TiO2 Transducer Interface,"Kai-Chun Huang, Guan-Ting Wu, Yu-Hsuan Hsiao, Ting-Hao Chen, Chih-Ting Lin","K. C. Huang1, G. T. Wu1, Y. H. Hsiao2, T. H. Chen1, and C. T. Lin1",yes
0305,OR2-1B Chemical Sensors and MEMS/NEMS 2,Translating Molecular Chirality into Electrical Signals through Contact Electrification–Driven Interfacial Electron Transfer,"Hong-Wei Lin, Arnab Pal, Zong-Hong Lin","H.-W. Lin, A. Pal, Z.-H. Lin*",yes
0306,Poster Session PO2,Self-powered Smart Microfluidic Chip for Automated Exosome Quantification and Classification,"Hyunjun Kim [1], June Soo Kim [2], Noah Jang [1], Da Ye Kim [1], Seong Ho Kong [1]","Hyunjun Kim1, June Soo Kim2, Noah Jang1, Da Ye Kim1 and Seong Ho Kong1",yes
0307,Poster Session PO2,Wearable Triaxial Force Sensor with Sensitivity Switching Mechanism for Tonometry-Based Blood Pressure Pulse Wave Measurement,"Takahisa Segoe, Riku Niitsu, Tetsuji Dohi","Takahisa Segoe1, Riku Niitsu1, and Tetsuji Dohi1",yes
0309,"OR3-1C Materials, Fabrication and Packaging 2",Novel Deposition Technique for Fabricating Films with Customized Thickness Profiles,"Chi-Yung Hsieh, Yu-Chi Lin, Xuan-Shan Huang, Jing-Ting Lin, Cheng-Sheng Huang","Chi-Yung Hsieh, Yu-Chi Lin, Xuan-Shan Huang, Jing-Ting Lin, and Cheng-Sheng Huang",yes
0310,OR2-1C Novel Application of MEMS/NEMS System 2,Nano-Optomechanical Metasurface for Reservoir Computing Application,"Ting Hou [1], Yuta Kawashima [2], Xin Zhou [3], Nobuhiko Nishiyama [4], Toshiyuki Tsuchiya [2], Yoshishige Tsuchiya [1], Jun-Yu Ou [1]","T. Hou 1, Y. Kawashima2, X. Zhou3, N. Nishiyama4, T. Tsuchiya2, Y. Tsuchiya 1, and Jun-Yu Ou1*",yes
0311,Poster Session PO3,Preparation of Nanoclusters-supported on Titanium Oxide by Colloidal Immobilized Method,"Qinzheng Lai, Zichen Zhang, Hiromasa Yagyu","Q. Lai1, Z. Zhang1, and H. Yagyu1",yes
0312,OR3-2A Physical Sensors and MEMS/NEMS 4,Moiré Pattern Vision-Based Tactile Sensor: A Robust Solution for Multidirectional Force Detection and Object Recognition,"Gandha Satria Adi [1], Yongrok Jeong [2], Inkyu Park [1]","Gandha Satria Adi1, Yongrok Jeong2, and Inkyu Park1,*",yes
0313,Poster Session PO2,Optimizing Phase Purity in Spiral Micro-separators: A Computational Fluid Dynamics Approach,"Pichapon Boonkrong, Pin-De Lee, Bor-Yih Yu, Ya-Yu Chiang","Pichapon Boonkrong1, Pin-De Lee2, Bor-Yih Yu1 and Ya-Yu Chiang2*",yes
0314,OR3-3B Physical Sensors and MEMS/NEMS 4,Investigation of Electron Spin Resonance Imaging of a Hair Fragment,"Kaoru Fukushima, Takahito Ono, Masaya Toda","Kaoru Fukushima, Takahito Ono, Masaya Toda",no
0315,Poster Session PO2,A Dysprosium-Titanium Oxide Nanohybrid Electrode for Trace-Level Electro- chemical Determination of Flutamide in Complex Samples,"Hsiu-Chen Xiao [1], Nandini Nataraj [1], Tse-Wei Chen [2], Bih-Show Lou [3], Shen Ming Chen [1]","Hsiu-Chen Xiaoa, Nandini Nataraj a, Tse-Wei Chen b,*, , Bih-Show Lou c,d,*,Shen Ming Chen a,*",yes
0316,Poster Session PO3,Nano-Grating-Assisted Integration of SPR and SERS for Advanced Plasmonic Sensing,"Nan-Fu Chiu, Yong-Ai Wu, I-Ju Chen, Devi Taufiq Nurrohman","Nan-Fu Chiu1,2*, Yong-Ai Wu1, I-Ju Chen1 and Devi Taufiq Nurrohman1",yes
0317,OR2-1D Optical MEMS 2,Fabrication of Edible Segmented Micro Retroreflective Materials Using a Two-Layer Deposited Mold via Prism-Assisted 3D Lithography,"Yufei Chen, Yuha Ushiyama, Natsumi Kubo, Yuji Takata, Yuya Tanaka, Hiromasa Oku, Takaaki Suzuki","Yufei Chen1, Yuha Ushiyama2, Natsumi Kubo3, Yuji Takata1, Yuya Tanaka1, Hiromasa Oku3, and Takaaki Suzuki1",yes
0318,Poster Session PO2,Synergistic Bi-doped ZnO and Nitrogen-modified Graphene Hybrids: An Advanced Electrochemical Platform for Quantifying Metol in Complex Water Matrices,"Zhi-Yan Li [1], Selva priya Selvam [1], Tse-Wei Chen [2], Shen-Ming Chen [1]","Zhi-Yan Lia, Selva priya Selvama, Tse-Wei Chenb*, Shen-Ming Chena*",yes
0319,OR2-1E Bio/Medical Sensors and MEMS/NEMS 4,Local Formation Process of PVC-based Ion Sensitive Membrane Using MEMS Microstructure and Inkjet Printing Technology,"Hideo Doi [1], Yoko Sato [2], Asami Uramoto [2], Tomoyuki Kamakura [2], Yong-Joon Choi [1], Kazuhiro Takahashi [1], Toshihiko Noda [1], Takeshi Kokubun [2], Kazuaki Sawada [1]","H. Doi1, Y. Sato2, A. Uramoto2, T. Kamakura2, Yong-Joon Choi1, K. Takahashi1, T. Noda1, T. Kokubun2, K. Sawada1,",yes
0320,OR2-1B Chemical Sensors and MEMS/NEMS 2,WS2/Ga2O3 Nanostructured Sensor for Enhanced Hydrogen Response and Fast Recovery,"Indu Sharma, Jungwook Choi",I. Sharma and J. Choi*,yes
0321,Poster Session PO2,Overlayer-Triggered Discontinuous Dewetting (OTDD) for Open-Surface Self- Partitioning on Microstructure Arrays,"Wei-Teng Lu, Meng-Shiue Lee","Wei-Teng Lu1, and Meng-Shiue Lee1,2,3*",yes
0322,Poster Session PO3,A Eco-friendly and Wearable Biomechanical Sensor Design based on Triboelectrification,"Shih-Min Huang, Po-Kang Yang","S. M. Huang1, and P. K. Yang1",yes
0323,OR1-1A Bio/Medical Sensors and MEMS/NEMS 1,Heavy Metal-Assisted CRISPR-Cas12a FET Platform for Rapid Detection of Drug Resistance Genes in Pseudomonas aeruginosa,"Tsung-Chen Hsieh, Guan-Cheng Zeng, Chia-Kai Lin, Yi-Fang Wu, Yu-Lin Wang","Tsung-Chen Hsieh1, Guan-Cheng Zeng1, Chia-Kai Lin1, Yi-Fang Wu1, and Yu-Lin Wang1, 2, 3, *",yes
0324,Poster Session PO2,Transient Thermal Characterization and Localized Heating Strategy of Liquid Metal Heaters in Microfluidics,"Zhe-Wei Kuo, Kyojiro Morikawa, Takehiko Kitamori, Chihchen Chen","Zhe-Wei Kuo 1, Kyojiro Morikawa 1,2,3, Takehiko Kitamori 1,3,4, Chihchen Chen1",yes
0325,OR2-1E Bio/Medical Sensors and MEMS/NEMS 4,Single-Cell Biomarker Profiling on a Hydrogel Electromicrofluidic Device,"Jesus Becerra, Jing Ding, Shih-Kang Fan","Jesus Becerra, Jing Ding, and Shih-Kang Fan",yes
0326,Poster Session PO2,A Microfluidic Biosensing Platform for Quantifying Coral Respiration Breaking Temperature and Bioenergetic Responses under Thermal Stress,"Yu-Ming Cheng, Shih-Hao Huang",Y. M. Cheng and S. H. Huang,yes
0327,Poster Session PO2,De Novo Design of High-Affinity Borono-L-Phenylalanine Binding Proteins Using Deep Learning and Molecular Dynamics Validation,"Yi Fang Wu, Guan-Cheng Zeng, Yu-Lin Wang","Yi-Te She2, Yi-Fang Wu2 , Yu-Lin Wang1,2,3 *",yes
0328,OR3-3C Chemical Sensors and MEMS/NEMS 3,Ag Coated Hetero-Core Fiber Optic Magnetic Field Sensor Using Oil Based Magnetic Fluid Containing 50 nm Fe3O4 Nanoparticles,"Kazuki Inoue, Takaaki Abe, Hayato Hanada, Deepro Banerjee, Michiko Nishiyama","Kazuki Inoue, Takaaki Abe, Hayato Hanada, Deepro Banerjee, Michiko Nishiyama",no
0329,OR1-2A Energy and Power and MEMS/NEMS,Performance Enhancement of a Frequency Conversion Interposer for MEMS Vibration Energy Harvesters using Bistable Buckled Beams,"Kota Morishita [1], Yuji Takata [1], Yuya Tanaka [1], Gen Hashiguchi [2], Hiroshi Toshiyoshi [3], Takaaki Suzuki [1]","K. Morishita1, Y. Takata1, Y. Tanaka1, G. Hashiguchi2, H. Toshiyoshi3, and T. Suzuki1",yes
0330,Poster Session PO2,Nested–Tilted Folded-Beam Flexure for Mechanism-Level Extension of Stroke in MEMS Comb-Drive Actuators,"Ilgar Jafarsadeghipournaki, Aron Michael, Hemanshu Pota","Ilgar Jafarsadeghipournaki1, Aron Michael1, and Hemanshu Pota2",yes
0331,OR3-3B Physical Sensors and MEMS/NEMS 4,Feasibility Study of Wind Compensation for MEMS Cantilever-Based Wave Height Sensors,"Kako Koeda, Takuto Kishimoto, Kyota Shimada, Ryusei Ando, Hidetoshi Takahashi","Kako Koeda1, Takuto Kishimoto1, Kyota Shimada1, Ryusei Ando1 and Hidetoshi Takahashi1",yes
0333,OR3-3D Bio/Medical Sensors and MEMS/NEMS 6,Skin-Conformal Tessellated Platforms with On-Demand Switchable Adhesion for Wearable Devices,"Geonjun Choi [1], Hoon Eui Jeong [2], Inkyu Park [1]","G. Choi1, H. E. Jeong2, and I. Park1,3",yes
0334,OR3-3B Physical Sensors and MEMS/NEMS 4,Piezojunction Effect in n-3C-SiC/p-Si Heterojunction for Ultrasensitive Strain Sensing,"Tuan Sang Tran, Thi Tra Giang Nguyen, Muhammad Tamoor Ansar, That Buu Ton, Cuong Nguyen, Thanh-An Truong, Duc Khanh Tran, Van Thanh Dau, Dzung Viet Dao","Tuan Sang Tran1,2, Thi Tra Giang Nguyen1, Muhammad Tamoor Ansar1,2, That Buu Ton1, Cuong Nguyen1, Thanh-An Truong1, Duc Khanh Tran1, Van Thanh Dau1, Dzung Viet Dao1,2",yes
0335,Poster Session PO3,Integrated Microfluidic Circuit with Block Diagrams in MATLAB,"Yung-Hsiang Chang, Kyojiro Morikawa, Takehiko Kitamori, Chihchen Chen","Yung-Hsiang Chang1, Kyojiro Morikawa1,2,3,4, Takehiko Kitamori1,2,4,5, and Chihchen Chen1,2",yes
0336,OR2-1A Actuator,Fabrication of in-plane-stretchable shape memory alloy thick film actuator and SU-8 support mechanism for laterally vibrational MEMS tactile display,"Yoshihiro Nagasaka, Yoshihiro Iino, Takashi Mineta","Y. Nagasaka1, Y. Iino2, and T. Mineta1",yes
0337,OR1-1B Acoustic and RF MEMS,Single-chip CMOS-MEMS Oscillators Based on 0.18 μm CMOS for Timing Applications,"Yu-Hung Lee, Chan-Chen Yu, Pin-Hsien Lee, Chia-Yi Hsiao, Sheng-Shian Li","Yu-Hung Lee1, Chan-Chen Yu1, Pin-Hsien Lee1, Chia-Yi Hsiao1 and Sheng-Shian Li1, 2",yes
0338,"OR3-1B Theory, Design and Simulation","Spring-Terminated Cantilever Structure: Modelling, Design and Fabrication","Ismaeel Shah, Aron Michael, Hemanshu Pota","Ismaeel Shah1 , Aron Michael1 , Hemanshu Pota2",yes
0339,"OR3-1C Materials, Fabrication and Packaging 2",Ultra-thin Piezoelectric Micromachined Ultrasound Transducer Based on Silicon-on-Nothing Structure,"Zhengnan Tang, Andrea Vergara, Shuji Tanaka","Z. Tang, A. Vergara, and S. Tanaka",yes
0340,OR1-1D Physical Sensors and MEMS/NEMS 1,High-Entropy Relaxor Ferroelectrics on Flexible mica substrate for Advanced Sensors,"Yu-En Pan [1], Yu-Hao Tu [1], Mengyao Xiao [2], Ying-Hao Chu [1]","Yu-En Pan1, *Yu-Hao Tu1, Mengyao Xiao2, and Ying-Hao Chu1,3*",yes
0341,Poster Session PO2,ALD-Grown Al2O3 Shells on SnO2 Nanowires for Hydrogen Sensing,"Eun Bi Kim, Ka Yoon Shin, Wansik Oum, Sungjoon Moon, Seonwoo Jang, Yongseong You, Taekheon Kim, Hyoun Woo Kim","E. B. Kim1, K. Y. Shin1, W. Oum1, S. Moon1, S. Jang1, Y. You1, T. Kim1 and H. W. Kim1",yes
0342,OR3-3D Bio/Medical Sensors and MEMS/NEMS 6,Soft Microfinger Robot for Bilateral Head Stimulation and Reaction-Force Analysis in Zebrafish Larvae,"Tomohiro Nakatsuka [1], Hiromi Hirata [2], Moeto Nagai [3], Satoshi Konishi [1]","T. Nakatsuka , H. Hirata2, M. Nagai3, and S. Konishi1,4",yes
0343,Poster Session PO3,Ammonia Gas Detection Using a Hetero-Core Optical Fiber Sensor Coated with Layer-by-Layer Deposited PDDA/TSPP Film,"Toshiyuki Kawasaki, Masahiko Kuroiwa, Kodai Kikuchi, Michiko Nishiyama, Kazuhiro Watanabe, Junichi Ida","T. Kawasaki1, M. Kuroiwa1, K. Kikuchi1, M. Nishiyama1, K. Watanabe1, and J. Ida1",yes
0344,OR3-2A Physical Sensors and MEMS/NEMS 4,A Temperature-compensated Liquid-metal Flexible Strain Sensor Integrated into a Microfinger for Tactile Sensing under Temperature Variations,"Kensei Hara, Yuto Hori, Satoshi Konishi","Kensei Hara1, Yuto Hori1, and Satoshi Konishi1",yes
0346,Poster Session PO3,An Investigation into Size and Shape Effects on Al2O3-ISFET Performance,"Chen-Chieh Tu, Tsung-Yang Chen, Feng-Cheng Chao, Pei-Yu Lin, Chih-Ting Lin","Chen-Chieh Tu1, Tsung-Yang Chen2, Feng-Cheng Chao2, Pei-Yu Lin3 and Chih-Ting Lin3",yes
0347,Poster Session PO3,Evaluation of Frequency Response Characteristics of Cylindrical Hollow Hetero-core Optical Fiber Beam Accelerometer,"Hiroki Kadotani, Atsuki Hirose, Michiko Nishiyama","Hiroki.Kadotani1, A. Hirose1, and M. Nishiyama1",yes
0348,OR3-1D Physical Sensors and MEMS/NEMS 3,Nanocantilever with High Figure-of-Merit for High-Speed Atomic Force Microscopy Applications,"Eying Sim Wong, Aron Michael, Jayden Moore, Hemanshu Pota","Eying Sim Wong1, Aron Michael1, Jayden D.R Moore1, Hemanshu Pota2",yes
0349,Poster Session PO2,Exploration of Surface Modification on Microwell Array Biochip,"Zhen-Ting Fan [1], Pin-Xian Du [2], Guan-Da Syu [2], Tien-Chun Tsai [2], Yung-Chen Cheng [1]","Zhen-Ting Fan1, Pin-Xian Du2, Guan-Da Syu2, Tien-ChunTsai3,* and Yung-Chen Cheng1,*",yes
0350,Poster Session PO3,Nonplanar-Feeding Microwave Fluidic Sensor for Density Identification of Ethanol-Water Solutions,"Chen-Pu Chang, Chien-Hao Liu",C. -P Chang and C. -H. Liu,yes
0351,Poster Session PO2,Dual-Gate Floating-Gate van der Waals Transistor for Nonvolatile Memory and Time-Dependent AND Logic,"Advaita Ghosh [1], Adam Šlechta D [2], Jiří Háze [2], Vilém Kledrowetz [2], Yen-Fu Lin [3], Shu- Ping Lin [1, 3]","AND Logic Advaita Ghosh1, Adam Šlechta2, Jiří Háze2, Vilém Kledrowetz2, Yen-Fu Lin3, Shu-Ping Lin1,4*",yes
0352,OR3-3D Bio/Medical Sensors and MEMS/NEMS 6,Vertically Aligned Nanostructure-Based Biosensor for Serum Antibody Detection of Porcine Mycoplasma Arthritis and Septicemia,"Wei-Ni Lee [1], Shu-Ping Lin [2]","Wei-Ni Lee 1 and Shu-Ping Lin 2, 3, *",yes
0353,OR3-1A Micro/Nano Fluidics 2,On-Chip Chemical Control of the Gaseous Microenvironment for Root Growth Using an Integrated Micromixer,"Tsubasa Fukunaga [1], Marcel Beier [2], Isaku Kanno [1], Hirotaka Hida [1]","T. Fukunaga1, M. P. Beier2, I. Kanno1, and H. Hida1",yes
0354,OR3-3C Chemical Sensors and MEMS/NEMS 3,Fabrication of Au/Ta2O5/AuNPs Hybrid Multilayer Hetero-Core Fiber Optic Refractive Index Sensor,"Michiko Nishiyama [1], Deepro Banerjee [1], YiHsuan Chen [2], Steve Morgan [2], Sergiy Korposh [2]","M. Nishiyama1, D. Banerjee1, H. Y. Chen2, S.P. Morgan2, and S. Korposh2",yes
0355,Poster Session PO3,Microfluidic Pressure Sensor Utilizing FEP as the Deformable Membrane,"Bao-Cheng Huang, Kao-Mai Shen, Kyojiro Morikawa, Takehiko Kitamori, Chihchen Chen","Bao-Cheng Huang1, Kao-Mai Shen1, Kyojiro Morikawa1,2,3, Takehiko Kitamori1,3,4 Chihchen Chen1",yes
0356,Poster Session PO3,A Compact and Scalable Multi-Resistor MEMS Pirani Gauge,"Ashwini Kumari [1, 2], Piyush Kumar [1], Khanjan Joshi [1], Ruei-Cian Chu [2], Yi Chiu [2], Pushpapraj Singh [1]","Ashwini Kumari , Piyush Kumar1, Khanjan Joshi1, Ruei-Cian Chu3, Yi Chiu2,3, and Pushpapraj Singh1",yes
0357,OR2-1C Novel Application of MEMS/NEMS System 2,Annealing-Enhanced Probabilistic Computing Enabled by Bistable MEMS Resonator,"Junhui Wu, Zetong Hu, Zheng Zhang, Guangya Zhou","Junhui Wu1, Zetong Hu1, Zheng Zhang1 and Guangya Zhou1",yes
0358,"OR3-1C Materials, Fabrication and Packaging 2",Wrinkle-free SiO2 Membrane Fabrication for Soft X-Ray Analysis,"Ayako Mizushima, Yuuichi Nagayama, Takashi Nagata, Keiichi Inoue, Takashi Kimura, Yoshio Mita","A. Mizushima* 1, Y. Nagayama*2, T. Nagata2, K. Inoue2, T. Kimura2 and Y. Mita1",yes
0359,Poster Session PO2,Tracking and Localization Using Back-Propagation Neural Networks with Unscented Kalman Filters,"Yu-Chun Su, Yu-Ting Yang, Hongchin Lin","Yu-Chun Su1, Yu-ting Yang2, and Hongchin Lin1",yes
0360,"OR3-2C Materials, Fabrication and Packaging 3",Suppression of Rubidium Loss During Thermal Decomposition in MEMS Vapor Cells Using Thin ALD-AL₂O₃ Layers,"Shun Kiyose, Toshiyuki Tsuchiya, Yoshikazu Hirai","S. Kiyose1, T. Tsuchiya1, and Y. Hirai2",yes
0361,OR1-3D Micro/Nano Fluidics 1,Phase Optimization for Efficient Three-Phase Pressure-Driven Droplet Rotation Using Real-Time Position Feedback,"Masashi Kobayashi, Daiki Tanaka, Risa Fujita, Shuichi Shoji, Masahiro Furuya","Masashi Kobayashi1, Daiki Tanaka1,2, Risa Fujita2, Shuichi Shoji2 and Masahiro Furuya1,2",yes
0362,OR3-1E Self Organized 3 From Single-Cell Analysis to Biomimetic Systems,Arrays of Neuronal Spheroids and Measurement of Neural Activity,"Yuto Sato [1], Midori Kato-Negishi [2], Yuya Sato [1], Takashi Tanii [1], Yuya Morimoto [1]","Yuto Sato1, Midori Kato-Negishi2, Yuya Sato1, Takashi Tanii1, and Yuya Morimoto1",yes
0363,Poster Session PO3,Rheological Behavior Analysis and Mechanical Phenotyping Study of Cells Passing Through Microchannels Based on Finite Element Method,"Yuhang Li, Yaoqiang Liu, Xiaoling Hu, Kui Song","Yuhang Li1, Yaoqiang Liu1, Xiaoling Hu1,2, and Kui Song1,2",yes
0364,OR1-1B Acoustic and RF MEMS,Spurious-Free LNOI SH-SAW GHz Resonators for Impedance Transformers,"Zhi-Qiang Lee, Ya-Ching Yu, Sung-Yuan Huang, Cheng-Chien Lin, Yi-Cheng Liao, Ming-Huang Li","Zhi Qiang Lee1, Ya-Ching Yu1, Sung-Yuan Huang2, Cheng-Chien Lin1, Yi-Cheng Liao1, and Ming-Huang Li1 2",yes
0365,Poster Session PO2,Investigation of Titanium Nitride Extended-Gate Field-Effect Transistors for pH and Urea Sensing Applications,"Che-Hao Liao [1], I-Ting Chen [1], Chien-Sheng Huang [1], Xiao Tang [2], Shih-Hung Lin [1]","Che-Hao Liao , I-Ting Chen , Chien-Sheng Huang1, Xiao Tang2 and Shih-Hung Lin1,*",yes
0366,Poster Session PO3,Surface Modification-Based Electrode Electrochemical Sensing of Sodium Dodecyl Sulfate with Molecularly Imprinted Polypyrrole Films,"Abbey Franco, Dharmatov Albano","Abbey V. Franco1, Dharmatov R. Albano1,2,3",yes
0367,Poster Session PO3,Sampling Moiré Method Force Plate Utilizing Pantograph Structure for Out-of- Plane Detection,"Kakeru Nakayama, Mai Kawamata, Ohga Nomura, Yukitake Nakahara, Toshihiro Shiratori, Hidetoshi Takahashi","Kakeru Nakayama1, Mai Kawamata1, Ohga Nomura1, Yukitake Nakahara1, Toshihiro Shiratori1, and Hidetoshi Takahashi1",yes
0368,OR3-2D Chemical/Bio/Medical Sensors and MEMS/NEMS,Development of a Clinically Reliable Platform for Noninvasive Sweat Glucose Sensing,"Hsiu-Pen Lin, Yi-Ning Yeh, Pei-An Chen, Bor-Ran Li","Hsiu-Pen Lin, Yi-Ning Yeh, Pei-An Chen, and Bor-Ran Li",yes
0369,"OR3-2C Materials, Fabrication and Packaging 3",Fabrication of Aerogel-Based Transparent Haze Film for Enhanced Forward Light Scattering and Passive Radiative Cooling in Solar Cells,"Gyeongwan Lee, Jungwook Choi",G. W. Lee and J. Choi*,yes
0370,"OR3-2B Data Processing, AI, and Novel Application",Charge-Modulated Conductance and Synaptic Behavior in Gr/h-BN/WSe2 van der Waals Transistors,"Jing-Wei Wang [1], Yen-Fu Lin [1], Shu-Ping Lin [2]","Jing-Wei Wang 1, Yen-Fu Lin 2, and Shu-Ping Lin 3,4*",yes
0371,Poster Session PO1,Indium Oxide Nanobrick Base Portable Gas Sensor for Indoor Environmental Ozone Monitoring,"Jing-Cheng Hsu, Heh-Nan Lin","Jing-Cheng Hsu, Heh-Nan Lin",no
0372,OR3-2E Bio/Medical Sensors and MEMS/NEMS 5,Acupuncture Needle-Based Conformal Sensor Platform for Deep-Tissue Oxygen Monitoring,"Yeju Seo, Inkyu Park","Yeju Seo¹, Inkyu Park¹*",yes
0373,OR1-3B Self Organized 2 In-Body/Intracellular Cybernetic Avatars,Capsule for Intestinal Surface Sampling: Sealing Mechanism for Preventing Cross-Contamination of Collected Samples,Huaiyi Zhang,"Huaiyi Zhang, Yuguo Dai, and Fumihito Arai*",yes
0374,OR2-1B Chemical Sensors and MEMS/NEMS 2,Hydrogen Sensing via Stress-Induced Amplitude Modulation in Piezoelectric Multilayer Micro-Bridges,"Jayden Moore, Aron Michael, Eying Sim-Wong","J. Moore1, A. Michael1, E. Sim-Wong1",yes
0377,OR3-2E Bio/Medical Sensors and MEMS/NEMS 5,Verification of Detection Depth Control in Skin Moisture Monitoring Using Narrow-gap Interdigitated Electrode Sensors,"Hisashi Ito, Yusuke Sakaue, Hiroki Ishizuka, Osamu Oshiro","H. Ito, Y. Sakaue, H. Ishizuka, and O. Oshiro",yes
0378,Poster Session PO3,Real-Time In-Situ Monitoring of Plasma Etching Using Quartz Crystal Microbalance Sensors,"Kyeong Jun Park [1, 2], Eun Seo Ko [3], Yongjun Kwon [3, 4], Moonsoo Bak [4], Hohyun Keum [2], Hyeong-U Kim [3, 4, 5]","Kyeong Jun Park1,5, Eun Seo Go2, Yongjun Kwon2,4, Moonsoo Bak4, Hohyun Keum5, Hyeong-U Kim2,3,4*, and Hoe Joon Kim1*",yes
0379,OR3-2E Bio/Medical Sensors and MEMS/NEMS 5,Reliable Single-Molecule-Level DNA Base Identification by Combining Weighted Peak Scoring and Machine Learning Analysis of SERS Spectra,"Makoto Taguchi, Yuta Ogura, Shintaro Yotsuzuka, Hiroaki Honma, Koji Sugano, Yoshitada Isono","M. Taguchi1, Y. Ogura1, S. Yotsuzuka1, H. Honma1, K. Sugano1,2, and Y. Isono1",yes
0380,OR3-2E Bio/Medical Sensors and MEMS/NEMS 5,"Battery-Free, Wireless Multi-Axial Sensor Array for Continuous Pressure and Shear Monitoring at the Skin-Cast Interface","Jiwon Moon, Hyeonseok Han, Seokjoo Cho, Inkyu Park","Jiwon Moon1, Hyeonseok Han1, Seokjoo Cho1, and Inkyu Park1",yes
0381,OR3-3E Bio/Medical Sensors and MEMS/NEMS 7,An Ultra-High Precision Refractive Index Measurement Framework Based on Surface Plasmon Resonance System with Flow-Thermal Coupling Compensation,"Jian-Hong Yang, Chia-Ling Chiang, Hong-Xiang Jiang, Pien-Pien Lin, Ming-Hsien Lee, Ying-Ju Chen, Dan-Jing Chang, Tzu-Heng Wu, Nien-Tsu Huang, Chii-Wann Lin","Jian-Hong Yang1, Chia-Ling Chiang1, Hong-Xiang Jiang2, Pien-Pien Lin2, Ming-Hsien Lee2, Ying-Ju Chen2, Dan Jing Chang1, Tzu-Heng Wu1, Nien-Tsu Huang1, and Chii-Wann Lin1,2*",yes
0382,Poster Session PO3,FET-Based Visualized Molecular Sieves for Thermal Shock-Driven Mercury Detection,"Guan-Cheng Zeng, Yu-Lin Wang","Guan-Cheng Zeng1, and Yu-Lin Wang1,2,3*",yes
0383,OR3-3E Bio/Medical Sensors and MEMS/NEMS 7,Performance Validation of a Test Strip-Based Sensing Platform for Fecal Leukocyte Esterase Detection in IBD Monitoring,"Zu-Han Yang, Dan-Ching Chang, Ying-Ju Chen, Tzu-Heng Wu, Su-Yu Chu, Shu-Chen Wei, Chii- Wann Lin","Zu-Han Yang1, Dan-Ching Chang1,2, Ying-Ju Chen2, Tzu-Heng Wu5, Su-Yu Chu2,4, Shu-Chen Wei3, Chii-Wann Lin1,2",yes
0384,OR1-3D Micro/Nano Fluidics 1,Low-Concentration Crosslinking Enables Stable Embedded Bioprinting Via a Gelatin–Xanthan Gum Support Bath,"Sara Ito, Mizrab Fatima, Shunya Okamoto, Takayuki Shibata, Tuhin Santra, Moeto Nagai","Sara Ito¹, Mizrab Fatima , Shunya Okamoto1, Takayuki Shibata1, Tuhin Subhra Santra1, Moeto Nagai1",yes
0385,Poster Session PO2,Tailoring Hard Mask Selection for Precise Nanofabrication of Electrostatic Comb-Drive Diamond Actuators,"Taro Ikeda, Yoshiaki Kanamori",T. Ikeda1 and Y. Kanamori1,yes
0386,Poster Session PO3,Defect-Rich Bimetallic Layered Double Hydroxide/Graphene Nanohybrids for Voltammetric Determination of Veterinary Antibiotics in Complex Matrices,"Chen Ho Wu, Francis Disouza, Gomathi Prabhakaran, Shen Ming Chen","Chen-Ho Wua, Francis Packiaraj Don Disouza a, Gomathi Balasubramaniyan Tamil Prabhakaran a, Shen-Ming Chen a*",yes
0387,OR1-3D Micro/Nano Fluidics 1,Microscaled Flow and Particle Adhesion on Villi in Actuated Small Intestinal Channel,"Yuto Shiraiwa [1], Kazuki Komatsu [1], Satoru Kuriu [2], Naoyuki Yamamoto [3], Tadashi Ishida [1]","Y. Shiraiwa1, K. Komatsu1, S. Kuriu2, N. Yamamoto3, and T. Ishida1",yes
0388,"OR3-1B Theory, Design and Simulation",An Equivalent Circuit Model for Analyzing Nonlinear Phenomena in a NEMS resonator,"Kyosuke Tokuno [1], Yoshishige Tsuchiya [2], Daisuke Yamane [1]","Kyosuke Tokuno1 , Yoshishige Tsuchiya2 , and Daisuke Yamane1,3",yes
0390,OR3-1D Physical Sensors and MEMS/NEMS 3,"Magnetic-Piezoelectric MEMS Based 3-Axial Magnetic Sensor for DC, AC 60 Hz, and AC Resonating Magnetic Field Applications","Yu-En Tsai, Duan Hao, Che-Wei Lin, Tien-Kan Chung",Yu-En Tsai1、Hao Duan1、Che-Wei Lin1、Tien-Kan Chung1、2*,yes
0391,Poster Session PO3,Advancing BNCT Precision Medicine Through Accelerated Aptamer Selection and AI-Driven Data Mining for High-Sensitivity Boronophenylalanine Monitoring,"Yi-Fang Wu, Yi-Te She, Yu-Lin Wang","Yi-Fang Wu¹, Yi-Te She¹, Yu-Lin Wang¹ ² ³*",yes
0392,OR3-3E Bio/Medical Sensors and MEMS/NEMS 7,Nanobrush-Based Electrical Biosensors for Rapid Diagnosis and Stage Differentiation of Neurodegenerative Diseases in Blood Plasma,"Yi-Nuo Huang [1], Ming-Hong Chang [1], Wei-Ju Lee [2], Shu-Ping Lin [3]","Yi-Nuo Huang 1, Ming-Hong Chang 2, Wei-Ju Lee 2, 3, and Shu-Ping Lin 4, 5, *",yes
0393,Poster Session PO3,Extracellular Potential Recording of Innervated Cultured Skin Using Flexible Parylene Electrodes,"Koji Shibata [1], Midori Kato-Negishi [2], Yuya Morimoto [1]","Koji Shibata1, Midori Kato-Negishi2, and Yuya Morimoto1",yes
0394,"OR3-2B Data Processing, AI, and Novel Application",Synchronization in Duffing MEMS Resonators and Chaos-Based Encryption,"Zheng Zhang, Junhui Wu, Guangya Zhou","Zheng Zhang1, Junhui Wu1, and Guangya Zhou1",yes
0395,Poster Session PO3,AI-Driven Process-Tolerant BioFET Sensing Model for Precise Biliary Atresia Diagnosis of Infants with a Single Drop of Blood,"Chia-Kai Lin, Yu-Lin Wang","Chia Kai Lin1, Yu-Lin Wang1, 2, *",yes
0396,Poster Session PO3,Piezoelectric MEMS Resonators and Oscillators in Liquid Environment for Mass Sensing Applications,"Navajyoth Kummath, Sheng-Shian Li","Navajyoth Kummath, Sheng-Shian Li",no
0397,OR3-3D Bio/Medical Sensors and MEMS/NEMS 6,Fabrication and Ionic Current Characterization of a Gold Nanoparticle Dimer- Integrated Nanopore for SERS-Based DNA Analysis,"Yuta Ogura, Makoto Taguchi, Shintaro Yotsuzuka, Hiroaki Honma, Koji Sugano, Yoshitada Isono","Y. Ogura1, M. Taguchi1, S. Yotsuzuka1, H. Honma1, K. Sugano1,2, and Y. Isono1",yes
0398,Poster Session PO3,Optimization of Growth Parameters and Microstructural Properties of AlN Films on Sapphire Deposited by HiPIMS,"Chih-Jou Tseng, Ya-Hsuan Chen, Chih-Yang Huang, Ray-Hua Horng","Chih-Jou Tseng , Ya-Hsuan Chen , Chih-Yang Huang and Ray-Hua Horng",yes
0400,Poster Session PO3,Direction-Aware Piezo-Transmittance Sensor Arrays for Real-Time Human Motion Monitoring and Advanced Wearable Electronics,"Byeongmin Kang [1], Kwangjun Kim [2], Jimin Gu [3], Jun-ho Jeong [4], Jong G. Ok [2], Inkyu Park [1]","Byeongmin Kang1,2, Kwangjun Kim3, Jimin Gu4, Jun-ho Jeong2, Jong G. Ok3, and Inkyu Park1",yes
0402,OR3-1D Physical Sensors and MEMS/NEMS 3,A Quasi-Zero Stiffness MEMS Resonator with Electrically Tunable Nonlinearity,"Tongtian Zhang, Junhui Wu, Xinchen Wan, Guangya Zhou","Tongtian Zhang1, Junhui Wu1, Xinchen Wan1, and Guangya Zhou1",yes
0403,OR2-1D Optical MEMS 2,Sensitivity and Noise Characterization of MEMS-Resonator-Based Short- Wavelength Infrared Sensor with Integrated Gold Nanostructured Absorber,"Shunta Ikeda, Ryohei Sakai, Takuro Seki, Hiroaki Honma, Koji Sugano, Yoshitada Isono","S. Ikeda1, R. Sakai1, T. Seki1, H. Honma1, K. Sugano1,2, and Y. Isono1",yes
0404,Poster Session PO3,Development and Investigation of Highly Selective Chemoresistive Sensing Materials for Aldehyde Gas Detection,"Hui-Tzu Chang [1], Yun-Shan Tsai [2], Chung-Wei Kung [2], Shih-Han Wang [1]","Hui-Tzu Chang1, Yun-Shan Tsai2, Chung-Wei Kung2, and Shih-Han Wang1*",yes
0405,OR1-3B Self Organized 2 In-Body/Intracellular Cybernetic Avatars,Photopatternable Drying-Resistant Conductive Hydrogel Integrated into Organ Models for Functional Evaluation of In-body Cybernetic Avatars,Hisataka Maruyama,"H. Maruyama1, K. Kawafuku1, T. Yura2, and T. Hoshino1",yes
0406,"OR3-2C Materials, Fabrication and Packaging 3",Fabrication and Integration of a 3D Micro-Lattice Electrode for Microfluidic Enzymatic Systems,"Satoshi Amaya [1], Mizuki Maeda [2], Hirotaka Sugiura [1], Fumihito Arai [1], Hiroaki Sakamoto [2]","Satoshi Amaya1, Mizuki Maeda2, Hirotaka Sugiura1, Fumihito Arai1, and Hiroaki Sakamoto2",yes
0407,Poster Session PO3,A Flexible Capacitive Pressure Sensor with Porous PDMS Sponge for Swelling Detection,"Chin-Cheng Wu [1], Cheng Kuo [2], Chang-Lung Tsai [1], Jin-Chern Chiou [2]","Chin-Cheng Wu1, Cheng Kuo 2, Chang-Lung Tsai1 and Jin-Chern Chiou2,*",yes
0408,Poster Session PO3,A 14.5-bit Hybrid SAR and Single-Slope Analog-to-Digital Converter with Background Calibration,"Cheng-Ya Yu, Pai-Hsiang Hsu, Yueh-Ru Lee, Chung-Chih Hung, Chia-Hung Chen","Cheng-Ya Yu1[0009-0008-8960-5976], Pai-Hsiang Hsu2[0000-0002-1012-4790], Yueh-Ru Lee3[0009-0000-3369-8490], Chung-Chih Hung4 [0000-0002-5817-712X] , and Chia-Hung Chen5[0000-0001-7753-1721]",yes
0409,Poster Session PO3,Rapid Quantification of Short-Chain Fatty Acids in Human Fecal Samples via Dual-Mechanism Electrochemical Sensing and Artificial Neural Networks,"Bing-Chen Gu, Zhi-Xuan Lin, Zhung-Wen Yeh, Chia-Che Wu","Bing-Chen Gu1, Zhi-Xuan Lin2, Zhung-Wen Yeh2, Chia-Che Wu1,2,3*",yes
0410,OR3-3E Bio/Medical Sensors and MEMS/NEMS 7,Surface Plasmon Resonance Imaging Sensing technique for Multiplex Detection of Acute Respiratory Infection Viruses,"Yu-Shuo Yeh [1], Hao-Lun Hung [1], Han-Yun Hsieh [2], Pei-Kuen Wei [3], Yu-Jui Fan [4], Horn- Jiunn Sheen [1]","Yu-Shuo Yeh1, Hao-Lun Hung1, Han-Yun Hsieh2, Pei-Kuen Wei3, Yu-Jui Fan4, Horn-Jiunn Sheen1",yes
0411,OR1-3D Micro/Nano Fluidics 1,Design and Fabrication of an Ultra-Thin Capillary-Assisted Microfluidic Chip for Medium Exchange in Microscopy,"Jia-Lin Zhan [1], Shiuan-Jie Tsai [2], Kuan-Ju Lu [2], Ya-Yu Chiang [1]","Jia-Lin Zhan1, Shiuan-Jie Tsai2, Kuan-Ju Lu2, and Ya-Yu Chiang1*",yes
0412,Poster Session PO3,Microchamber-Based Digital PCR for The Detection of COVID-19 Virus,"Chang-Fu Huang, Yen-Heng Lin","Chang-Fu Huang1 and Yen-Heng Lin1,2,*",yes
0413,OR3-1A Micro/Nano Fluidics 2,FET-based Biosensor for Detection of Acute Respiratory Distress Syndrome,"Ping Hua Cheng [1], Yu Chuan Chang [1], Yu Jui Fan [2], Horn-Jiunn Sheen [1]","Ping-Hua Cheng 1, Yu-Chuan Chang 1, Yu-Jui Fan2, Horn-Jiunn Sheen1",yes
0414,Poster Session PO3,A 50 GHz Switched-Line RF MEMS Phase Shifter with Low Loss on Sapphire Substrate,"Piyush Kumar, Ashwini Kumari, Rahul Mehra, Pushpapraj Singh","Piyush Kumar1, Ashwini Kumari1, Rahul Mehra2, and Pushpapraj Singh1",yes
0415,Poster Session PO3,Development of a Microfluidic Platform for Bone Substitute Degradation Evaluation Incorporating Dynamic Squeezing Stimulation and Impedance Monitoring,"Jun-Yi Huang, Bo-Ren Tu, Chun-Hao Huang","J. Y. Huang1, B. R. Tu1, and C. H. Huang1*",yes
0416,OR3-2D Chemical/Bio/Medical Sensors and MEMS/NEMS,Nanostructured Biosensing Platforms for Rapid Diagnosis of Swine Viral and Bacterial Diseases,"Yi-Jing Liao [1], Shu-Pin Lin [2]","Yi-Jing Liao 1+ and Shu-Ping Lin 2, 3, *",yes
0418,OR3-1D Physical Sensors and MEMS/NEMS 3,Artificial Tactile Perceptual Distance Using Mechanoreceptor-Inspired Temporal Response Models,"Ryusuke Mitobe, Takashi Abe, Masayuki Sohgawa","Ryusuke. Mitobe1, Takashi. Abe1, and Masayuki. Sohgawa1",yes
0419,Poster Session PO3,APTES-Functionalized EGFETs Enabled by Thermally Assisted Hg²⁺–Molecular Sieve Complexation for Highly Sensitive Mercury Detection,"Ching Yao Lan, Guan Cheng Zeng, Yu Lin Wang","Ching-Yao Lan1, Guan-Cheng Zeng2 and Yu-Lin Wang1,2,3*",yes
0420,Poster Session PO3,NH₂-Functionalized MIL-101(Fe) Metal–Organic Frameworks as an Efficient Signal-Enhancing Interface for Electrochemical Aptasensing of Vibrio harveyi,"Rajesh Kumar Raghav, Chia-Yu Hsieh, Ching-Chou Wu","Rajesh Kumar Raghav1, Chia-Yu Hsieh2, and Ching-Chou Wu1,3,*",yes
0422,Poster Session PO2,An Efficient Computational Framework for Antibody Design Targeting CEACAM6,"Yu Lin Wang, Ting Yu Chang","Ting-Yu Chang1, and Yu-Lin Wang1,2,3*",yes
0423,Poster Session PO3,"LC Repeater-Inspired Battery-free, Chipless, Flexible Body Sensor Network with Lightweight Reader","Guan-Lin Su, Ting-Wei Wang","Guan-Lin Su, and Ting-Wei Wang*",yes
0424,OR3-1D Physical Sensors and MEMS/NEMS 3,Automated Adaptive Feature Extraction for Microfluidic Droplet Voiceprint Monitoring via Heuristic Optimization,"Yi Lun Lan, Chia-Hung Tsai","Yi-Lun Lan1, and Chia-Hung Tsai2",yes
0425,OR3-1E Self Organized 3 From Single-Cell Analysis to Biomimetic Systems,Advanced Energy Materials and Devices for Low-grade Heat Harvesting and Flexible Thermal Sensing,Dongyan Xu,Dongyan Xu,no
0426,Poster Session PO3,"Multifunctional Nanostructured Biosensor Platform Integrating Electrical,","Electrochemical, and Optical Transduction Mechanisms Hung-Hsiang Wang, Yu-Quan Chen, Chih-Ting Lin","Optical Transduction Mechanisms Hung-Hsiang Wang 1, Yu-Quan Chen1, and Chih-Ting Lin 1",yes
0430,OR3-1E Self Organized 3 From Single-Cell Analysis to Biomimetic Systems,MusTer: A Generalizable Microfluidic Platform Combining Multi-Parametric Droplet Sorting and Multi-Droplet Merging in Single-Cell Sequencing,Guangyao Cheng,"Guangyao Chenga, †, Luoquan Lia, †, Weilun Liub, †, Silin Zhongb,*, Yi-Ping Hoa, *",yes
0431,Poster Session PO3,Design of Monolithic Optical Engine on GaN-on-Silicon Platform,"Yu-Chia Hsu, Yu-Wei Chen, Hui-Chi Hsieh, Cheng-Shiun Liou","Y. Hsu1, Y. Chen1, H. Hsieh1 and C. Liou1",yes
0432,OR1-3C Novel Application of MEMS/NEMS Systems 1,Ion Wind Electrohydrodynamic Nebulisation for Drug Delivery Application,"Van Dau, Trung Hieu Vu",V. T. Dau and T. H. Vu,yes
0433,OR3-1E Self Organized 3 From Single-Cell Analysis to Biomimetic Systems,Microphysiological Muscle and Retinal Systems for Disease Modeling and Therapeutic Screening,Hon Fai Chan,"The demand for more predictive human-relevant models in biomedical research has stimulated the development of advanced microphysiological systems (MPS), commonly known as organ-on-a-chip platforms. These systems overcome the limitations of conventional 2D culture by recapitulating key architectural and functional features of human tissues within a 3D microenvironment. This presentation focuses on the application of MPS for modeling two distinct yet clinically critical tissues: skeletal muscle and the retina. For muscle, we introduce our 3D stem cell-derived muscle tissue system designed to mimic native myofiber alignment and contraction, which enables the modeling of muscule",yes
0434,OR3-1E Self Organized 3 From Single-Cell Analysis to Biomimetic Systems,Deformability Cytometry for Noninvasive High-throughput Characterization of Cells,Megan Yi-Ping Ho,Megan Yi-Ping Ho,no
0435,OR1-2B Self Organized 1 In-body/Intracellular Cybernetic Avatars,Development and In Vivo Telemetry Demonstration of Ingestible Polyaniline- Based Conductometric pH Sensor,Shinya Yoshida,"S. Yoshida1, I. Sugasawa1, H. Miyaguchi1, T. Ito2, Y. Miura3, M. Fujishiro3",yes
0436,Poster Session PO3,Print-Pause-Print Adaptation in Digital Light Processing 3D-Printing for Efficient Fabrication of Cell Culture and Monitoring Devices,"Phong Vi Lam [1], Huei-Wen Chen [2], Pai-Shan Chen [2], Pin-Chuan Chen [1]","Phong V. Lam1, Huei-Wen Chen2,3, Pai-Shan Chen2, and Pin-Chuan Chen1",yes
0437,OR1-3B Self Organized 2 In-Body/Intracellular Cybernetic Avatars,Cyto-Transducers for Visualization of Designed Cell-Cell Communications,Niko Kimura,"N. Kimura1, Y. Yamanishi2, and S. Sakuma2",yes
0438,OR1-2B Self Organized 1 In-body/Intracellular Cybernetic Avatars,Droplet-Based Microfluidic Platform for Time-Lapse Monitoring of Cellular Responses to Nano-Artifact Exposure,Shinya Sakuma,"S. Sakuma1,*, Y. Yamanishi1, K. Dodo2, T. Kamatani3, Y. Shirasaki4, C.-H. D. Tsai5, S. Yotsumoto6, N. Kimura7, S. S. Sugano8",yes
0439,OR1-3B Self Organized 2 In-Body/Intracellular Cybernetic Avatars,Construction of Bio-Fate: A Platform Integrating Live-Cell Phenotypic Profiling and Precision Manipulation,Takashi Kamatani,"T. Kamatani1,*, Y. Yamanishi2, K. Dodo3, S. Sakuma2, Y. Shirasaki4, A. Takahashi1, S. Yotsumoto5, S. S. Sugano6",yes
0440,OR1-2B Self Organized 1 In-body/Intracellular Cybernetic Avatars,Design of Chemical Transducers for Bioorthogonal Signaling,Kosuke Dodo,"K. Dodo1,*, S. Yoshimoto1, Y. Shirasaki2, T. Kamatani3, S. Yotsumoto4, S. S. Sugano5, S. Sakuma6, Y. Yamanishi6",yes
0441,OR1-2B Self Organized 1 In-body/Intracellular Cybernetic Avatars,Engineering signaling systems of plant hormones as triggers and readouts of in-body avatar cells,Shigeo S Sugano,"Shigeo S. Sugano¹, Jutapat Romsuk¹, Mika Ikegaya¹, Tze Mun Loo², Kosuke Dodo³, Aki Hanyu², Atsushi Hijikata⁴, Yoko Yamanishi⁵, Satoshi Yotsumoto⁴, Yoshitaka Shirasaki⁶, Shinya Sakuma⁵, Akiko Takahashi²⁶",yes
0442,OR1-2B Self Organized 1 In-body/Intracellular Cybernetic Avatars,Avatar cells production based on electromechanical poration by electrically- induced bubbles,Yoko Yamanishi,"Nobutoshi Ota1, Kei Tateishi1, Yoko Yamanishi1,*",yes
0443,OR3-1E Self Organized 3 From Single-Cell Analysis to Biomimetic Systems,A Pyramidal Nanopore for ssDNA Sequencing,Jianxin Yang,"Jianxin Yang1, Dehua Hu1, Tianle Pan1, and Ho-Pui Ho1*",yes
0444,OR1-3B Self Organized 2 In-Body/Intracellular Cybernetic Avatars,Optical Immunotransducer as an Evaluation Platform for Designed Cell-Cell Communication,Yoshitaka Shirasaki,"Y. Shirasaki1*, Z. Yang1, N. Suzuki1, M. Yamagishi2, S. S. Sugano3, S. Yotsumoto4, T. M. Loo5, X. Zhou5, K. Dodo6, S. Sakuma7, A. Takahashi5, T. Kamatani5, Yoko Yamanishi7",yes
0445,OR1-3B Self Organized 2 In-Body/Intracellular Cybernetic Avatars,On-Chip Biomimetic Platform for Functional Evaluations of Avatar Cells,Takeshi Hayakawa,"H. Wada1, T. Ishiguro1, Yu Xueping1, and T. Hayakawa1",yes
0446,OR1-2B Self Organized 1 In-body/Intracellular Cybernetic Avatars,A Stomach-Acid-Charged Tablet-Type Digital Pill with In-Body Monitoring,Kiichi Niitsu,Kiichi Niitsu1,yes
0447,Poster Session PO2,Single Cell Full-Length Mitochondrial Genome Sequencing by Droplet Microfluidics,"Fuyang Qu, Luoquan Li, Juan Li, Guangyao Cheng, Yi-Ping Ho","Fuyang Qu †, Luoquan Li †, Juan Li †, Guangyao Cheng, Yi-Ping Ho",yes
0450,OR1-2A Energy and Power and MEMS/NEMS,Hierarchical Microstructure Engineering and Surface Area Optimization for 3D- Printed Triboelectric Nanogenerators,"Wei-Cheng Wang, Chen-Fang Sun, Pin-Chuan Chen","Wei-Cheng Wang1, Chen-Fang Sun1, and Pin-Chuan Chen1",yes
0451,Poster Session PO3,Arc Filament Generated Plasma Ion Source Using a Cigarette Ignition Coil for Mass Spectrometry Applications,"Yun-Hsin Shih, Che-Hsin Lin","Yun-Hsin Shih1, and Che-Hsin Lin1, 2",yes
0452,Poster Session PO1,Influence of Magnetic Fields on the Formation Kinetics of Copper(II) Hydroxide: Quantitative Concentration Analysis via Rate-Curve Integration,"Yi Lee, Chiung-Yi Huang, Che-Hsin Lin","Yi Lee, Chiung-Yi Huang and Che-Hsin Lin",yes
0454,OR3-1D Physical Sensors and MEMS/NEMS 3,Innovative Thermomagnetic Ultra-Thick Film Based Target Demonstrating a Wireless Electromagnetic Induction Heating and Temperature Measurement of Lung Lesions,"Yi-Hsien Wu [1], Ching-Kai Lin [2], Chen-Wei Chang [1], Chin-Chung Chen [1], Shu-Chung Lee [1], Yun-Chien Cheng [1], Tien-Kan Chung [1]","Yi-Hsien Wu1#, Ching-Kai Lin2,3,4#, Chen-Wei Chang1, Chin-Chung Chen1, Shu-Chung Lee1, Yun-Chien Cheng1, Tien-Kan Chung1,5*",yes
0455,Poster Session PO3,Sweat Ion Sensor Based on an Ultra-Thin In₂O₃ Field-Effect Transistor,"Jheng-Ru Wu, Yu-Ta Chen, Chien-Fu Chen","Jheng-Ru Wu1, Yu-Ta Chen2, and Chien-Fu Chen1, 2, 3",yes
0457,Poster Session PO3,Development and Validation of a Mechanical Sector-Scanning High-Frequency Ultrasound Imaging System for Curved Nail Unit Structures,"Shing You Chou, Jian Xing Wu","Shing-You Chou1, Jian-Xing Wu1",yes
